{"type":"FeatureCollection","features":[{"type":"Feature","properties":{"sigla":"AC","nome":"Acre","regiao":"Norte"},"geometry":{"type":"MultiPolygon","coordinates":[[[[-68.7928,-10.9996],[-68.8466,-10.9918],[-68.8599,-11.0164],[-68.9105,-11.0221],[-68.967,-10.9875],[-69.0019,-11.0089],[-69.0717,-10.9668],[-69.1209,-10.9811],[-69.1521,-10.9546],[-69.3254,-10.9356],[-69.3746,-10.9564],[-69.4169,-10.9254],[-69.4781,-10.955],[-69.5016,-10.9359],[-69.5476,-10.9536],[-69.5852,-10.94],[-69.7386,-10.9752],[-69.7697,-10.9295],[-69.9011,-10.92],[-69.9488,-10.9248],[-70.0663,-10.9942],[-70.0925,-10.9854],[-70.1585,-11.0424],[-70.3085,-11.0706],[-70.4376,-11.0391],[-70.4528,-10.9965],[-70.5294,-10.9311],[-70.621,-10.9996],[-70.6236,-9.8204],[-70.5363,-9.7658],[-70.5247,-9.7145],[-70.5852,-9.6404],[-70.6003,-9.5578],[-70.5535,-9.5709],[-70.5677,-9.5314],[-70.5415,-9.5378],[-70.5458,-9.5147],[-70.5155,-9.5022],[-70.5219,-9.4572],[-70.5038,-9.4636],[-70.4956,-9.4236],[-70.5957,-9.4412],[-70.6625,-9.5264],[-70.7295,-9.5704],[-70.7503,-9.5603],[-70.7564,-9.6042],[-70.7931,-9.6385],[-70.8363,-9.6429],[-70.9228,-9.7401],[-70.9635,-9.7482],[-70.9942,-9.8172],[-71.0518,-9.8159],[-71.163,-9.8753],[-71.2108,-9.9664],[-71.308,-9.992],[-71.3485,-9.9731],[-71.3774,-10.0],[-72.1805,-10.0],[-72.1557,-9.9636],[-72.1741,-9.9216],[-72.1407,-9.8775],[-72.1655,-9.828],[-72.151,-9.7989],[-72.2687,-9.7494],[-72.2536,-9.6164],[-72.289,-9.6023],[-72.2817,-9.5424],[-72.3189,-9.5435],[-72.3545,-9.4955],[-72.4073,-9.4769],[-72.518,-9.4916],[-72.5757,-9.4557],[-72.6956,-9.4391],[-72.7197,-9.4117],[-73.2119,-9.4117],[-73.188,-9.3612],[-73.1008,-9.3042],[-73.1115,-9.2794],[-73.0866,-9.2445],[-73.026,-9.2291],[-72.9951,-9.1943],[-73.0164,-9.1766],[-72.9527,-9.1286],[-72.9569,-9.0107],[-72.9363,-8.9895],[-72.9706,-8.9749],[-72.9948,-8.9198],[-73.0562,-8.9069],[-73.1554,-8.7077],[-73.2478,-8.6873],[-73.3146,-8.6152],[-73.3414,-8.6157],[-73.3354,-8.4671],[-73.3944,-8.4673],[-73.4124,-8.4106],[-73.482,-8.3918],[-73.537,-8.3455],[-73.5364,-8.2699],[-73.5952,-8.2066],[-73.5853,-8.1228],[-73.6334,-8.0568],[-73.6269,-8.0215],[-73.676,-8.0078],[-73.6976,-7.9602],[-73.7313,-7.968],[-73.772,-7.902],[-73.7526,-7.8919],[-73.7672,-7.8609],[-73.713,-7.8755],[-73.6871,-7.854],[-73.6838,-7.7761],[-73.74,-7.7337],[-73.8217,-7.7175],[-73.8883,-7.6313],[-73.9833,-7.5662],[-73.9876,-7.5313],[-73.9475,-7.5262],[-73.9193,-7.4653],[-73.9634,-7.3473],[-73.8765,-7.3823],[-73.8296,-7.3365],[-73.7554,-7.3465],[-73.6998,-7.3039],[-73.7138,-7.2339],[-73.8016,-7.1118],[-72.5848,-7.552],[-70.055,-7.8451],[-68.6472,-9.0494],[-67.5169,-9.5609],[-67.3258,-9.5924],[-66.6237,-9.9039],[-66.637,-9.9499],[-66.6631,-9.937],[-66.6756,-9.9676],[-66.7637,-9.9993],[-66.838,-10.0833],[-66.8745,-10.0813],[-66.9535,-10.189],[-66.9969,-10.1992],[-67.0158,-10.2587],[-67.1258,-10.2904],[-67.1281,-10.3159],[-67.1778,-10.3394],[-67.2254,-10.3151],[-67.2662,-10.3338],[-67.316,-10.3187],[-67.3108,-10.3774],[-67.3529,-10.3933],[-67.4068,-10.3726],[-67.4365,-10.4479],[-67.5945,-10.5216],[-67.6409,-10.5994],[-67.6756,-10.6052],[-67.7084,-10.7109],[-67.8642,-10.6408],[-68.0331,-10.6558],[-68.1054,-10.7152],[-68.104,-10.7768],[-68.1961,-10.8586],[-68.2382,-10.9568],[-68.331,-11.0126],[-68.3847,-11.0181],[-68.3981,-11.0521],[-68.4325,-11.0318],[-68.4872,-11.0509],[-68.543,-11.1114],[-68.7161,-11.1456],[-68.7209,-11.1034],[-68.7653,-11.0659],[-68.7479,-11.0092],[-68.7928,-10.9996]]]]}},{"type":"Feature","properties":{"sigla":"AM","nome":"Amazonas","regiao":"Norte"},"geometry":{"type":"MultiPolygon","coordinates":[[[[-56.7629,-3.2322],[-58.2626,-6.4689],[-58.3271,-6.5004],[-58.3499,-6.5624],[-58.4273,-6.6162],[-58.4785,-6.6996],[-58.4818,-6.7814],[-58.4346,-6.9088],[-58.3802,-6.9705],[-58.3354,-6.9864],[-58.2095,-7.1343],[-58.1698,-7.2222],[-58.17,-7.3132],[-58.137,-7.3564],[-58.2131,-7.4585],[-58.2022,-7.6209],[-58.2805,-7.7065],[-58.2941,-7.7715],[-58.3847,-7.844],[-58.2872,-8.1285],[-58.3225,-8.17],[-58.3149,-8.3231],[-58.3503,-8.3457],[-58.3546,-8.3928],[-58.4178,-8.4895],[-58.3895,-8.5948],[-58.4373,-8.7034],[-58.3262,-8.72],[-58.4429,-8.7994],[-61.5831,-8.7987],[-61.606,-8.7947],[-61.6306,-8.722],[-61.7054,-8.7075],[-61.7133,-8.6879],[-61.7746,-8.7482],[-61.8365,-8.7327],[-61.8597,-8.853],[-61.9852,-8.8786],[-62.0311,-8.7997],[-62.125,-8.8017],[-62.1651,-8.6794],[-62.2005,-8.6443],[-62.1766,-8.6369],[-62.1884,-8.5906],[-62.2689,-8.5758],[-62.2933,-8.596],[-62.2813,-8.6386],[-62.3358,-8.6095],[-62.3258,-8.5637],[-62.3661,-8.4936],[-62.3651,-8.391],[-62.4655,-8.3397],[-62.5261,-8.3831],[-62.5515,-8.3582],[-62.5619,-8.284],[-62.6499,-8.237],[-62.683,-8.1806],[-62.6923,-8.0929],[-62.8451,-7.9865],[-63.6212,-7.9765],[-63.6218,-8.0296],[-63.667,-8.0816],[-63.6699,-8.1217],[-63.747,-8.1986],[-63.7228,-8.2495],[-63.7735,-8.3207],[-63.7912,-8.3332],[-63.8708,-8.2888],[-63.9441,-8.3312],[-63.9454,-8.3878],[-63.9779,-8.4201],[-63.9408,-8.4523],[-63.9745,-8.4872],[-63.9246,-8.5755],[-63.946,-8.6095],[-63.9862,-8.5856],[-64.0279,-8.7157],[-64.1309,-8.7222],[-64.1295,-8.8052],[-64.1582,-8.8432],[-64.1495,-8.9589],[-64.3113,-8.9965],[-64.3234,-8.9289],[-64.4466,-8.9769],[-64.5501,-8.9783],[-64.6111,-9.0165],[-64.6714,-9.0148],[-64.6993,-8.9883],[-64.7536,-9.0207],[-64.7916,-8.9864],[-64.8393,-8.9941],[-64.9173,-9.0431],[-64.9399,-9.1246],[-64.9197,-9.2203],[-64.9361,-9.2558],[-65.0978,-9.4325],[-65.1429,-9.4468],[-65.1855,-9.427],[-65.1735,-9.3854],[-65.1962,-9.3753],[-65.208,-9.2856],[-65.2467,-9.2577],[-65.3852,-9.338],[-65.447,-9.3164],[-65.4566,-9.4012],[-65.4347,-9.4663],[-65.4928,-9.4737],[-65.5066,-9.4477],[-65.5968,-9.4139],[-65.6794,-9.4514],[-65.681,-9.5004],[-65.7235,-9.5591],[-65.7915,-9.5856],[-65.8251,-9.5301],[-65.9126,-9.4838],[-65.9703,-9.4132],[-66.1239,-9.4088],[-66.1736,-9.4344],[-66.2678,-9.4098],[-66.3075,-9.4368],[-66.4089,-9.4069],[-66.3924,-9.5005],[-66.4949,-9.6016],[-66.5006,-9.6336],[-66.6094,-9.6649],[-66.7254,-9.7561],[-66.7754,-9.7531],[-66.8103,-9.818],[-67.3258,-9.5924],[-67.5169,-9.5609],[-68.6472,-9.0494],[-70.055,-7.8451],[-72.5848,-7.552],[-73.8016,-7.1118],[-73.7268,-7.0225],[-73.7529,-6.9331],[-73.6428,-6.7621],[-73.5164,-6.6773],[-73.3807,-6.635],[-73.3545,-6.5949],[-73.213,-6.5778],[-73.1384,-6.498],[-73.1089,-6.41],[-73.2502,-6.1449],[-73.2375,-6.0322],[-73.189,-5.9992],[-73.157,-5.8694],[-73.0555,-5.7891],[-72.985,-5.6943],[-72.9863,-5.6623],[-72.9618,-5.6546],[-72.9569,-5.4654],[-72.8608,-5.2708],[-72.8879,-5.1636],[-72.8159,-5.1394],[-72.8185,-5.1024],[-72.7869,-5.1138],[-72.7557,-5.0766],[-72.7403,-5.0887],[-72.7277,-5.0514],[-72.6219,-5.0513],[-72.5989,-4.9838],[-72.5843,-4.9982],[-72.5517,-4.9555],[-72.5213,-4.9594],[-72.52,-4.9325],[-72.481,-4.9519],[-72.4511,-4.9162],[-72.4708,-4.8919],[-72.4146,-4.9009],[-72.4233,-4.8781],[-72.3813,-4.8729],[-72.39,-4.835],[-72.3584,-4.823],[-72.371,-4.8056],[-72.3397,-4.7925],[-72.3246,-4.8137],[-72.324,-4.778],[-72.3059,-4.7902],[-72.2782,-4.7701],[-72.2719,-4.7983],[-72.2561,-4.7644],[-72.2443,-4.7808],[-72.2083,-4.747],[-72.1922,-4.7623],[-72.1405,-4.7116],[-72.1245,-4.7333],[-72.0798,-4.6682],[-72.0594,-4.6733],[-72.0417,-4.623],[-72.0046,-4.6448],[-71.9813,-4.6255],[-71.9954,-4.6102],[-71.9476,-4.609],[-71.9203,-4.53],[-71.8855,-4.5382],[-71.9069,-4.5152],[-71.8661,-4.5275],[-71.786,-4.4837],[-71.7656,-4.5033],[-71.7499,-4.4682],[-71.7081,-4.5105],[-71.6592,-4.502],[-71.6523,-4.4729],[-71.6504,-4.504],[-71.6156,-4.4681],[-71.6346,-4.5114],[-71.6033,-4.5295],[-71.5358,-4.463],[-71.4936,-4.485],[-71.5063,-4.4371],[-71.4841,-4.4578],[-71.4785,-4.4337],[-71.4123,-4.4366],[-71.4362,-4.477],[-71.3882,-4.4259],[-71.3447,-4.4267],[-71.3085,-4.463],[-71.321,-4.4193],[-71.277,-4.4406],[-71.2742,-4.3859],[-71.2281,-4.3859],[-71.2219,-4.408],[-71.2015,-4.3794],[-71.1962,-4.4246],[-71.1822,-4.3938],[-71.1506,-4.405],[-71.1484,-4.381],[-71.1166,-4.4101],[-71.1086,-4.3787],[-71.0786,-4.3751],[-71.0766,-4.397],[-71.0515,-4.3685],[-71.0382,-4.402],[-70.9892,-4.3818],[-70.9939,-4.3442],[-70.938,-4.3832],[-70.847,-4.2806],[-70.8621,-4.2492],[-70.8342,-4.254],[-70.8162,-4.2284],[-70.8444,-4.2184],[-70.759,-4.1587],[-70.6819,-4.2069],[-70.6688,-4.143],[-70.6507,-4.1643],[-70.6463,-4.1278],[-70.6221,-4.1267],[-70.6325,-4.1814],[-70.5658,-4.1732],[-70.5722,-4.2113],[-70.5408,-4.1538],[-70.5522,-4.1368],[-70.5086,-4.1506],[-70.5054,-4.1996],[-70.4849,-4.1607],[-70.4652,-4.1761],[-70.4338,-4.1616],[-70.4328,-4.1314],[-70.3755,-4.1357],[-70.3373,-4.1791],[-70.3209,-4.1427],[-70.2862,-4.169],[-70.2786,-4.2306],[-70.3075,-4.2582],[-70.2881,-4.288],[-70.2478,-4.2732],[-70.2581,-4.3096],[-70.213,-4.2989],[-70.1936,-4.361],[-70.1521,-4.3292],[-70.1714,-4.3049],[-70.1577,-4.2766],[-70.1202,-4.2849],[-70.1099,-4.2566],[-70.0965,-4.2878],[-70.0407,-4.294],[-70.0793,-4.313],[-70.0431,-4.3324],[-70.0432,-4.3746],[-69.9545,-4.2945],[-69.4575,-1.4935],[-69.4297,-1.3873],[-69.4,-1.3707],[-69.4313,-1.233],[-69.3957,-1.1326],[-69.4434,-1.0366],[-69.4217,-1.0004],[-69.5235,-0.9297],[-69.5233,-0.8863],[-69.5737,-0.8422],[-69.5631,-0.8123],[-69.6264,-0.7497],[-69.5643,-0.6398],[-69.605,-0.6],[-69.5932,-0.5677],[-69.6155,-0.5063],[-69.7333,-0.4462],[-69.8449,-0.3458],[-69.9232,-0.3315],[-70.0574,-0.1868],[-70.0465,0.5621],[-70.0054,0.5444],[-69.9787,0.578],[-69.9362,0.5528],[-69.9163,0.5902],[-69.8235,0.5911],[-69.8027,0.5716],[-69.6713,0.668],[-69.6057,0.613],[-69.5976,0.6543],[-69.481,0.735],[-69.433,0.7123],[-69.353,0.6138],[-69.3359,0.6431],[-69.3196,0.6256],[-69.2896,0.65],[-69.2957,0.604],[-69.2308,0.5984],[-69.1997,0.6071],[-69.1838,0.6542],[-69.1157,0.644],[-69.1876,0.7324],[-69.1476,0.7684],[-69.1673,0.8433],[-69.1413,0.8502],[-69.1384,0.8828],[-69.1856,0.899],[-69.1898,0.9326],[-69.1644,0.9402],[-69.2182,0.9731],[-69.1983,1.001],[-69.2442,1.0564],[-69.3754,1.0895],[-69.4272,1.0439],[-69.4401,1.0745],[-69.5656,1.0725],[-69.6127,1.0988],[-69.6841,1.0717],[-69.7047,1.0756],[-69.7051,1.1189],[-69.773,1.1028],[-69.8108,1.0633],[-69.8466,1.0779],[-69.8395,1.7189],[-69.7826,1.6926],[-69.7452,1.7297],[-69.6285,1.7234],[-69.5344,1.777],[-69.3932,1.7267],[-68.1568,1.7316],[-68.1877,1.7847],[-68.2366,1.7725],[-68.2337,1.8299],[-68.2669,1.8273],[-68.2433,1.9267],[-68.1829,1.9788],[-68.1407,1.9848],[-68.0875,1.9013],[-68.0434,1.8997],[-67.9736,1.8328],[-67.9413,1.8307],[-67.9069,1.8661],[-67.913,1.8978],[-67.8597,1.9202],[-67.769,2.0393],[-67.6198,2.0237],[-67.5401,2.1559],[-67.4482,2.2081],[-67.431,2.2416],[-67.3893,2.244],[-67.3435,2.2055],[-67.2868,1.8886],[-67.2439,1.8582],[-67.1571,1.8488],[-67.0974,1.7326],[-67.0723,1.4426],[-67.0882,1.1669],[-66.8569,1.2302],[-66.3165,0.7361],[-66.3185,0.7551],[-66.213,0.7806],[-66.1511,0.7445],[-66.0885,0.7591],[-66.0701,0.8051],[-65.9644,0.8095],[-65.9366,0.8821],[-65.9011,0.8836],[-65.8797,0.9327],[-65.7741,0.9591],[-65.7394,0.9996],[-65.6786,0.9888],[-65.6528,1.0118],[-65.625,0.989],[-65.6272,1.0093],[-65.5856,1.0089],[-65.5419,0.9755],[-65.5123,0.8853],[-65.4936,0.8821],[-65.5914,0.7216],[-65.5405,0.6488],[-65.4236,0.708],[-65.3955,0.7582],[-65.413,0.8157],[-65.3519,0.873],[-65.3291,0.9316],[-65.27,0.9433],[-65.2636,0.9196],[-65.2089,0.9288],[-65.2075,0.9069],[-65.1825,0.9224],[-65.1473,1.0093],[-65.1695,1.0185],[-65.1551,1.125],[-65.1031,1.1567],[-65.0712,1.1534],[-65.0613,1.1117],[-65.0222,1.1149],[-64.9608,1.1897],[-64.9608,1.2302],[-64.9352,1.2113],[-64.8983,1.2526],[-64.8686,1.2319],[-64.8616,1.2693],[-64.8033,1.3105],[-64.7639,1.2308],[-64.7291,1.2346],[-64.7019,1.2913],[-64.6602,1.2913],[-64.5908,1.3374],[-64.528,1.4441],[-64.4386,1.4718],[-64.3975,1.5268],[-64.3489,1.5021],[-64.4,1.3949],[-64.338,1.3635],[-64.3022,1.4683],[-64.2155,1.5085],[-64.1739,1.571],[-64.1261,1.5777],[-64.0952,1.6171],[-64.0614,1.7016],[-64.078,1.759],[-64.0553,1.8255],[-64.0619,1.9307],[-63.9955,1.9799],[-63.8986,1.9924],[-63.8372,1.9651],[-63.8239,1.991],[-63.7405,1.9997],[-63.7033,2.0463],[-63.668,2.0169],[-63.6622,2.0655],[-63.6175,2.1066],[-63.5619,2.1324],[-63.5094,2.1136],[-63.4666,2.141],[-63.4211,2.1313],[-63.3721,2.2119],[-63.2764,2.1544],[-63.1463,2.1733],[-63.1198,2.0965],[-63.0536,2.0289],[-62.8386,2.0164],[-62.706,1.9397],[-62.7042,1.8739],[-62.7311,1.8182],[-62.7237,1.7124],[-62.8053,1.5913],[-62.7208,1.4885],[-62.6355,1.4318],[-62.5452,1.1208],[-62.5211,1.0838],[-62.4716,1.0863],[-62.4777,1.0279],[-62.4436,0.9682],[-62.4861,0.8665],[-62.4577,0.7852],[-62.5372,0.6851],[-62.5183,0.5838],[-62.533,0.5088],[-62.5187,0.4437],[-62.4852,0.4541],[-62.4464,0.3791],[-62.4683,0.2758],[-62.4218,0.0978],[-62.3366,0.0216],[-62.3198,-0.0963],[-62.2416,-0.1705],[-62.2481,-0.2963],[-62.1869,-0.3256],[-62.2015,-0.3867],[-62.2805,-0.4433],[-62.2674,-0.4692],[-62.3072,-0.5081],[-62.2929,-0.6477],[-62.3699,-0.6678],[-62.357,-0.7024],[-62.403,-0.7224],[-62.4271,-0.6898],[-62.4866,-0.6815],[-62.5102,-0.759],[-62.4808,-0.7951],[-62.3958,-0.8204],[-62.2938,-0.9481],[-62.2039,-0.9829],[-62.1255,-1.0373],[-62.0997,-1.0967],[-62.0316,-1.1265],[-61.8966,-1.3954],[-61.8269,-1.4017],[-61.7902,-1.379],[-61.6244,-1.4387],[-61.4747,-1.579],[-61.4733,-1.5278],[-61.5165,-1.5024],[-61.5383,-1.4334],[-61.6191,-1.3948],[-61.5822,-1.3534],[-61.6288,-1.3015],[-61.5707,-1.1828],[-61.5779,-1.08],[-61.5429,-1.0622],[-61.5595,-1.0112],[-61.5427,-0.9927],[-61.5794,-0.9834],[-61.5827,-0.9369],[-61.5384,-0.8482],[-61.5356,-0.7544],[-61.4846,-0.7169],[-61.4652,-0.6602],[-61.3595,-0.5969],[-61.234,-0.5619],[-61.2231,-0.4999],[-61.1689,-0.5163],[-61.0975,-0.499],[-61.0569,-0.5439],[-60.9948,-0.5611],[-60.9336,-0.5479],[-60.9197,-0.6204],[-60.8618,-0.6455],[-60.8552,-0.6863],[-60.8072,-0.6943],[-60.8062,-0.7401],[-60.7712,-0.7561],[-60.7881,-0.7825],[-60.7565,-0.7912],[-60.765,-0.8598],[-60.6843,-0.8655],[-60.6691,-0.8879],[-60.6207,-0.8515],[-60.5959,-0.8663],[-60.588,-0.8433],[-60.5301,-0.8672],[-60.4749,-0.7616],[-60.4263,-0.7712],[-60.3115,-0.7185],[-60.3153,-0.6365],[-60.3815,-0.5885],[-60.4056,-0.5154],[-60.3827,-0.4592],[-60.3452,-0.4354],[-60.3523,-0.4068],[-60.2926,-0.2946],[-60.3034,-0.2103],[-60.2212,-0.142],[-60.2393,-0.1123],[-60.2119,-0.0394],[-60.1326,0.0277],[-60.118,0.0814],[-60.1336,0.1035],[-60.0591,0.163],[-60.038,0.2635],[-58.8955,0.2635],[-58.8983,-0.0179],[-58.8634,-0.0871],[-58.8731,-0.3437],[-58.7253,-0.4383],[-58.7365,-0.4717],[-58.709,-0.5459],[-58.7378,-0.6178],[-58.7076,-0.6785],[-58.6341,-0.7192],[-58.5338,-0.8303],[-58.4895,-0.8327],[-58.4891,-0.8598],[-58.44,-0.8742],[-58.449,-0.9354],[-58.4104,-0.9805],[-58.4289,-1.0286],[-58.3911,-1.0414],[-58.3213,-1.1456],[-58.2559,-1.1308],[-58.154,-1.2327],[-58.1236,-1.1641],[-58.0928,-1.1616],[-58.0587,-1.1065],[-58.0173,-1.1036],[-58.0116,-1.1364],[-57.9658,-1.1693],[-57.9587,-1.2225],[-57.9987,-1.3313],[-57.9579,-1.4035],[-57.8228,-1.4387],[-57.7953,-1.4872],[-57.7716,-1.487],[-57.78,-1.51],[-57.7121,-1.5033],[-57.7062,-1.5724],[-57.6784,-1.5947],[-57.6007,-1.5722],[-57.5951,-1.6002],[-57.5218,-1.6292],[-57.5259,-1.6553],[-57.506,-1.6419],[-57.4731,-1.6789],[-57.4397,-1.6651],[-57.4356,-1.6912],[-57.4025,-1.6766],[-57.3924,-1.7248],[-57.3049,-1.7328],[-57.2923,-1.7083],[-57.2636,-1.7222],[-57.2586,-1.6969],[-57.2308,-1.7275],[-57.204,-1.7112],[-57.2007,-1.7353],[-57.1668,-1.7188],[-57.1642,-1.7685],[-57.1269,-1.766],[-57.1142,-1.7926],[-57.0848,-1.7805],[-57.061,-1.8109],[-57.0725,-1.8386],[-57.0284,-1.918],[-56.9884,-1.9072],[-56.9528,-1.9602],[-56.85,-2.0202],[-56.739,-2.017],[-56.7214,-2.0592],[-56.7685,-2.1658],[-56.6899,-2.2089],[-56.6129,-2.2102],[-56.5978,-2.175],[-56.5271,-2.1392],[-56.4139,-2.1759],[-56.3751,-2.1388],[-56.3168,-2.1401],[-56.2975,-2.1008],[-56.2284,-2.0562],[-56.0982,-2.0269],[-56.2038,-2.1831],[-56.3952,-2.2884],[-56.4656,-2.4231],[-56.4021,-2.4565],[-56.7629,-3.2322]]]]}},{"type":"Feature","properties":{"sigla":"PA","nome":"Pará","regiao":"Norte"},"geometry":{"type":"MultiPolygon","coordinates":[[[[-48.9755,-0.1983],[-48.9184,-0.2296],[-48.8101,-0.2148],[-48.7349,-0.2511],[-48.4402,-0.2254],[-48.3969,-0.2516],[-48.3781,-0.3255],[-48.4513,-0.4339],[-48.4867,-0.7272],[-48.5122,-0.7597],[-48.4747,-0.8739],[-48.3948,-0.911],[-48.281,-0.913],[-48.2295,-0.8278],[-48.1701,-0.8152],[-48.1584,-0.7742],[-48.0552,-0.6618],[-47.9795,-0.6894],[-47.9594,-0.6344],[-47.9166,-0.6221],[-47.9124,-0.5625],[-47.8678,-0.562],[-47.8468,-0.5879],[-47.8664,-0.6672],[-47.8406,-0.6828],[-47.8193,-0.5623],[-47.7982,-0.5584],[-47.808,-0.5879],[-47.7776,-0.5818],[-47.7611,-0.6105],[-47.7704,-0.5627],[-47.7039,-0.5346],[-47.7014,-0.5962],[-47.67,-0.5752],[-47.6327,-0.6021],[-47.6455,-0.6885],[-47.6291,-0.7073],[-47.5868,-0.6391],[-47.5893,-0.5758],[-47.5385,-0.6045],[-47.5405,-0.6391],[-47.4816,-0.7391],[-47.4766,-0.5935],[-47.4149,-0.5915],[-47.4265,-0.6574],[-47.369,-0.629],[-47.3843,-0.6025],[-47.3533,-0.6128],[-47.3203,-0.5913],[-47.2864,-0.603],[-47.2941,-0.645],[-47.2507,-0.6453],[-47.2577,-0.6228],[-47.2182,-0.6327],[-47.2076,-0.6971],[-47.1726,-0.6741],[-47.168,-0.7649],[-47.1212,-0.6762],[-47.0754,-0.6939],[-47.0994,-0.7535],[-47.056,-0.7973],[-47.0047,-0.765],[-46.9928,-0.7134],[-46.9581,-0.7107],[-46.9462,-0.731],[-46.9703,-0.7675],[-46.9422,-0.8075],[-46.9412,-0.8692],[-46.8837,-0.8076],[-46.8609,-0.7411],[-46.8319,-0.7545],[-46.8244,-0.805],[-46.844,-0.8196],[-46.8311,-0.843],[-46.8044,-0.8268],[-46.8017,-0.8724],[-46.7662,-0.8396],[-46.7606,-0.7986],[-46.7241,-0.8668],[-46.6996,-0.835],[-46.6712,-0.8514],[-46.6806,-0.7963],[-46.6435,-0.793],[-46.5955,-0.8464],[-46.6421,-0.9095],[-46.625,-0.9212],[-46.6364,-0.9691],[-46.602,-0.9569],[-46.5775,-0.9815],[-46.5526,-0.9138],[-46.5328,-0.9086],[-46.5374,-0.9548],[-46.5151,-0.9297],[-46.5102,-0.8816],[-46.4664,-0.894],[-46.4689,-0.874],[-46.4238,-0.8665],[-46.4103,-0.8876],[-46.4805,-0.9205],[-46.4632,-0.9457],[-46.4953,-0.9746],[-46.469,-0.9817],[-46.4662,-1.0264],[-46.3989,-0.9965],[-46.3817,-1.0264],[-46.3478,-1.0068],[-46.3193,-1.0237],[-46.2677,-0.9652],[-46.2648,-0.9134],[-46.204,-0.8849],[-46.1759,-0.9454],[-46.2221,-0.9845],[-46.2048,-1.0584],[-46.2395,-1.1012],[-46.1905,-1.0762],[-46.173,-0.9993],[-46.1503,-1.0436],[-46.1711,-1.0858],[-46.0868,-1.02],[-46.0697,-1.0368],[-46.0933,-1.0594],[-46.0615,-1.1026],[-46.0982,-1.1961],[-46.1493,-1.226],[-46.1616,-1.2819],[-46.1289,-1.3343],[-46.1037,-1.3373],[-46.1542,-1.4226],[-46.1398,-1.4439],[-46.1763,-1.4749],[-46.1336,-1.5787],[-46.1642,-1.6266],[-46.1568,-1.6803],[-46.2212,-1.7313],[-46.3085,-1.7309],[-46.3237,-1.7664],[-46.3122,-1.8057],[-46.2536,-1.7958],[-46.2114,-1.8357],[-46.2448,-1.8819],[-46.2227,-1.9102],[-46.2753,-2.0575],[-46.2721,-2.1176],[-46.3009,-2.1418],[-46.2833,-2.1544],[-46.3822,-2.249],[-46.4319,-2.2371],[-46.4159,-2.2691],[-46.4316,-2.3348],[-46.4674,-2.3764],[-46.4094,-2.3714],[-46.4422,-2.4194],[-46.4193,-2.5324],[-46.4912,-2.5376],[-46.5068,-2.6169],[-46.5789,-2.6315],[-46.5926,-2.6655],[-46.6223,-2.6449],[-46.6343,-2.6855],[-46.6714,-2.7062],[-46.6348,-2.7964],[-46.6025,-2.7892],[-46.5757,-2.8415],[-46.6148,-2.8294],[-46.6394,-2.8836],[-46.6806,-2.8827],[-46.6539,-2.9311],[-46.673,-2.9451],[-46.6474,-2.9698],[-46.663,-2.9747],[-46.6499,-2.996],[-46.6742,-3.0002],[-46.6588,-3.0109],[-46.6765,-3.0941],[-46.7068,-3.1006],[-46.7077,-3.1271],[-46.7189,-3.1092],[-46.7481,-3.1219],[-46.7199,-3.1535],[-46.7516,-3.1888],[-46.7731,-3.1786],[-46.7553,-3.2162],[-46.8062,-3.244],[-46.8139,-3.3101],[-46.9443,-3.3772],[-46.9485,-3.4768],[-46.9823,-3.4949],[-46.9757,-3.5298],[-47.0388,-3.5621],[-47.0274,-3.5993],[-47.057,-3.6546],[-47.037,-3.668],[-47.0852,-3.8566],[-47.1731,-3.9238],[-47.1903,-3.9837],[-47.3051,-4.0588],[-47.3194,-4.0478],[-47.3718,-4.2456],[-47.4747,-4.315],[-47.5028,-4.4037],[-47.6119,-4.5574],[-47.68,-4.6086],[-47.7926,-4.5864],[-48.7552,-5.3492],[-48.5967,-5.4225],[-48.5052,-5.4293],[-48.3847,-5.3942],[-48.3007,-5.523],[-48.1382,-5.6027],[-48.171,-5.7074],[-48.2757,-5.7265],[-48.2976,-5.7651],[-48.292,-5.8368],[-48.2316,-5.9461],[-48.3347,-6.0043],[-48.3352,-6.0357],[-48.2869,-6.0658],[-48.2972,-6.1105],[-48.4349,-6.1832],[-48.4171,-6.2986],[-48.3782,-6.3337],[-48.3827,-6.3796],[-48.5002,-6.3509],[-48.6132,-6.4537],[-48.6607,-6.5469],[-48.652,-6.64],[-48.6709,-6.669],[-48.8142,-6.7518],[-49.0189,-6.7842],[-49.2095,-6.9254],[-49.1853,-7.2352],[-49.2315,-7.3258],[-49.378,-7.4964],[-49.3841,-7.5435],[-49.3281,-7.6778],[-49.1484,-7.8073],[-49.1767,-8.0615],[-49.2159,-8.1942],[-49.2833,-8.3796],[-49.377,-8.4553],[-49.4063,-8.5737],[-49.454,-8.6154],[-49.5924,-8.8395],[-49.6844,-8.8565],[-49.7451,-8.9062],[-49.8426,-9.0273],[-49.9077,-9.1738],[-50.041,-9.2944],[-50.0528,-9.3727],[-50.1053,-9.4754],[-50.0896,-9.5457],[-50.2176,-9.8346],[-53.0005,-9.6553],[-56.6719,-9.3674],[-56.7574,-9.4062],[-56.8201,-9.2463],[-56.9955,-9.2338],[-57.0572,-9.1859],[-57.0392,-9.0983],[-57.195,-8.9275],[-57.3844,-8.8796],[-57.4199,-8.853],[-57.4276,-8.7832],[-57.5304,-8.7482],[-57.5929,-8.7565],[-57.6222,-8.5912],[-57.6486,-8.5764],[-57.6341,-8.5189],[-57.6869,-8.4163],[-57.6456,-8.2063],[-57.7151,-8.1579],[-57.7284,-8.0942],[-57.8288,-7.9729],[-57.899,-7.6719],[-57.9396,-7.6531],[-57.9726,-7.5346],[-58.0614,-7.3952],[-58.17,-7.3132],[-58.1698,-7.2222],[-58.2095,-7.1343],[-58.3354,-6.9864],[-58.3802,-6.9705],[-58.4346,-6.9088],[-58.4818,-6.7814],[-58.4785,-6.6996],[-58.4273,-6.6162],[-58.3499,-6.5624],[-58.3271,-6.5004],[-58.2553,-6.4541],[-56.4021,-2.4565],[-56.4656,-2.4231],[-56.3843,-2.2705],[-56.2038,-2.1831],[-56.0982,-2.0269],[-56.2284,-2.0562],[-56.2975,-2.1008],[-56.3168,-2.1401],[-56.3751,-2.1388],[-56.4139,-2.1759],[-56.5271,-2.1392],[-56.5978,-2.175],[-56.6129,-2.2102],[-56.6899,-2.2089],[-56.7685,-2.1658],[-56.7214,-2.0592],[-56.739,-2.017],[-56.85,-2.0202],[-56.9528,-1.9602],[-56.9884,-1.9072],[-57.0284,-1.918],[-57.0725,-1.8386],[-57.061,-1.8109],[-57.0848,-1.7805],[-57.1142,-1.7926],[-57.1269,-1.766],[-57.1642,-1.7685],[-57.1668,-1.7188],[-57.2007,-1.7353],[-57.204,-1.7112],[-57.2308,-1.7275],[-57.2586,-1.6969],[-57.2636,-1.7222],[-57.2923,-1.7083],[-57.3049,-1.7328],[-57.3924,-1.7248],[-57.4025,-1.6766],[-57.4356,-1.6912],[-57.4397,-1.6651],[-57.4731,-1.6789],[-57.506,-1.6419],[-57.5259,-1.6553],[-57.5218,-1.6292],[-57.5951,-1.6002],[-57.6007,-1.5722],[-57.6784,-1.5947],[-57.7062,-1.5724],[-57.7121,-1.5033],[-57.78,-1.51],[-57.7716,-1.487],[-57.7953,-1.4872],[-57.8228,-1.4387],[-57.9579,-1.4035],[-57.9987,-1.3313],[-57.9587,-1.2225],[-57.9658,-1.1693],[-58.0116,-1.1364],[-58.0173,-1.1036],[-58.0587,-1.1065],[-58.0928,-1.1616],[-58.1236,-1.1641],[-58.1182,-1.1883],[-58.1561,-1.2328],[-58.2559,-1.1308],[-58.3213,-1.1456],[-58.3911,-1.0414],[-58.4217,-1.0385],[-58.4104,-0.9805],[-58.449,-0.9354],[-58.44,-0.8742],[-58.4891,-0.8598],[-58.4895,-0.8327],[-58.5338,-0.8303],[-58.6341,-0.7192],[-58.7076,-0.6785],[-58.7378,-0.6178],[-58.709,-0.5459],[-58.7365,-0.4717],[-58.7253,-0.4383],[-58.8743,-0.3393],[-58.8639,-0.078],[-58.8983,-0.0179],[-58.8955,1.2288],[-58.8213,1.171],[-58.7397,1.1999],[-58.6947,1.2974],[-58.5855,1.2622],[-58.5647,1.2947],[-58.523,1.258],[-58.4963,1.268],[-58.458,1.3715],[-58.5052,1.4032],[-58.5088,1.463],[-58.3857,1.47],[-58.3719,1.4816],[-58.3948,1.5266],[-58.3225,1.5971],[-58.3172,1.5685],[-58.2624,1.5708],[-58.2361,1.5467],[-58.1931,1.5723],[-58.1607,1.5602],[-58.1295,1.499],[-58.061,1.5254],[-58.0043,1.5031],[-57.9787,1.5728],[-57.9902,1.6585],[-57.9269,1.6449],[-57.8772,1.6804],[-57.8522,1.6679],[-57.8443,1.689],[-57.7999,1.6853],[-57.7744,1.7298],[-57.7185,1.7155],[-57.7052,1.731],[-57.6505,1.6824],[-57.5818,1.7062],[-57.5533,1.6925],[-57.5143,1.7231],[-57.4999,1.7889],[-57.4379,1.8269],[-57.4335,1.906],[-57.3678,1.9238],[-57.3692,1.9565],[-57.3044,1.9975],[-57.2324,1.9368],[-57.2,1.9787],[-57.0868,2.0265],[-57.064,1.956],[-57.0143,1.915],[-56.9762,1.903],[-56.9198,1.9304],[-56.7914,1.8525],[-56.721,1.9259],[-56.67,1.9133],[-56.6215,1.946],[-56.5798,1.906],[-56.4513,1.9562],[-56.3971,1.9234],[-56.335,1.9372],[-56.2441,1.8782],[-56.2345,1.8987],[-56.171,1.9006],[-56.1177,1.8511],[-55.9833,1.8356],[-55.9039,1.8881],[-55.9364,1.9866],[-55.9138,1.9906],[-55.9032,2.0412],[-55.9669,2.0885],[-55.9958,2.1613],[-56.0551,2.1847],[-56.043,2.2279],[-56.139,2.2658],[-56.0938,2.3213],[-56.0902,2.3724],[-56.0507,2.3351],[-56.0219,2.3426],[-56.04,2.3664],[-55.9871,2.4204],[-56.0116,2.4529],[-55.9776,2.4897],[-55.993,2.5046],[-55.9783,2.5274],[-55.9242,2.5306],[-55.8389,2.4623],[-55.777,2.4604],[-55.718,2.4021],[-55.6984,2.4216],[-55.4998,2.4433],[-55.3854,2.4185],[-55.3456,2.4481],[-55.3562,2.4757],[-55.3203,2.5155],[-55.2348,2.5035],[-55.1729,2.5594],[-55.1235,2.5677],[-55.1031,2.5257],[-55.0038,2.591],[-54.9543,2.5837],[-54.8747,2.4153],[-54.7942,2.3127],[-54.8114,2.2664],[-54.7628,2.192],[-54.8063,2.1389],[-54.8113,2.0394],[-54.7544,1.9706],[-54.7716,1.9405],[-54.734,1.832],[-54.7448,1.7758],[-54.5709,1.7845],[-54.5086,1.7483],[-54.3874,1.7452],[-54.3777,1.7637],[-54.3093,1.7411],[-54.1911,1.6249],[-54.1822,1.6581],[-54.1437,1.6406],[-54.1284,1.5913],[-54.102,1.5906],[-54.1175,1.5582],[-54.0846,1.5263],[-54.0865,1.4883],[-54.009,1.5197],[-53.9975,1.4758],[-53.9288,1.4692],[-53.9383,1.4355],[-53.896,1.4551],[-53.8767,1.4355],[-53.8856,1.4025],[-53.8443,1.4063],[-53.8503,1.3918],[-53.8071,1.3918],[-53.8228,1.4138],[-53.804,1.4235],[-53.7323,1.3863],[-53.7172,1.4318],[-53.6958,1.4181],[-53.7115,1.384],[-53.6706,1.372],[-53.6468,1.4076],[-53.651,1.3362],[-53.5952,1.3582],[-53.5385,1.3409],[-53.5626,1.3066],[-53.5233,1.2613],[-53.539,1.2124],[-53.4265,1.2427],[-53.3999,1.1584],[-53.4595,1.1275],[-53.4115,0.9293],[-53.1063,0.684],[-53.1502,0.591],[-53.175,0.3771],[-53.0949,0.2622],[-53.0943,0.1953],[-52.9773,0.0238],[-52.9327,-0.1423],[-52.8515,-0.1502],[-52.8361,-0.1861],[-52.6888,-0.3041],[-52.6986,-0.3872],[-52.6792,-0.4237],[-52.7027,-0.4592],[-52.64,-0.5849],[-52.525,-0.5853],[-52.4972,-0.7229],[-52.5438,-0.8515],[-52.4555,-0.8303],[-52.4032,-0.8771],[-52.4047,-0.9127],[-52.4395,-0.9347],[-52.4145,-1.0093],[-52.427,-1.0508],[-52.3582,-1.0626],[-52.333,-1.1159],[-52.1203,-1.1462],[-52.0988,-1.2279],[-52.0546,-1.2342],[-52.064,-1.1859],[-51.9911,-1.1718],[-51.9853,-1.1214],[-51.9559,-1.1697],[-51.926,-1.1323],[-51.8873,-1.1664],[-51.8091,-1.1571],[-51.7043,-1.0677],[-51.6792,-0.7853],[-51.5955,-0.6504],[-51.4578,-0.5132],[-51.4207,-0.429],[-51.3625,-0.3681],[-51.339,-0.2846],[-51.2164,-0.1186],[-51.0759,-0.0837],[-50.9462,0.0627],[-50.762,0.121],[-50.6682,0.185],[-50.5561,0.3067],[-50.4365,0.6001],[-50.3286,0.6743],[-50.2261,0.6962],[-50.1904,0.6403],[-50.1335,0.6196],[-50.0836,0.6402],[-50.0373,0.6019],[-50.0364,0.5342],[-50.0774,0.4634],[-50.1727,0.3976],[-50.1678,0.3403],[-49.9929,0.3384],[-49.9459,0.3658],[-49.9098,0.3449],[-49.9142,0.3197],[-49.8222,0.3563],[-49.8078,0.3321],[-49.5819,0.4187],[-49.5032,0.3717],[-49.495,0.3186],[-49.6333,0.2414],[-49.6996,0.1505],[-49.6322,0.0749],[-49.479,0.0811],[-49.3749,0.0444],[-49.3575,-0.0239],[-49.4168,-0.0675],[-49.4376,-0.1163],[-49.4084,-0.182],[-49.3787,-0.191],[-49.3286,-0.1578],[-49.2476,-0.1656],[-49.1666,-0.129],[-49.1297,-0.171],[-49.0126,-0.1599],[-48.9755,-0.1983]]],[[[-49.6263,0.1901],[-49.6027,0.176],[-49.6154,0.1528],[-49.6775,0.1557],[-49.6607,0.1873],[-49.6263,0.1901]]],[[[-49.6181,0.1992],[-49.6319,0.2103],[-49.6021,0.2428],[-49.5578,0.2439],[-49.6181,0.1992]]],[[[-49.5634,0.1867],[-49.6079,0.192],[-49.5549,0.2064],[-49.5634,0.1867]]],[[[-49.4503,0.1172],[-49.5074,0.1241],[-49.4842,0.15],[-49.4503,0.1172]]],[[[-49.131,-0.1609],[-49.1511,-0.1358],[-49.1227,-0.1451],[-49.131,-0.1609]]],[[[-48.9752,-0.172],[-48.9752,-0.172]]],[[[-48.9684,-0.1894],[-48.9863,-0.1711],[-48.9684,-0.1894]]],[[[-48.945,-0.1818],[-48.945,-0.1818]]],[[[-48.755,-0.1798],[-48.7707,-0.1787],[-48.7575,-0.1637],[-48.755,-0.1798]]],[[[-48.8759,-0.182],[-48.8813,-0.2033],[-48.9475,-0.2068],[-48.9156,-0.1513],[-48.8797,-0.1572],[-48.8759,-0.182]]],[[[-48.7328,-0.1736],[-48.7328,-0.1736]]],[[[-48.4311,-0.8087],[-48.4311,-0.8087]]],[[[-48.0104,-0.6622],[-48.011,-0.6852],[-48.0104,-0.6622]]],[[[-47.9708,-0.655],[-47.9822,-0.6734],[-47.9708,-0.655]]],[[[-47.9922,-0.6935],[-47.9951,-0.6785],[-47.9922,-0.6935]]],[[[-47.9097,-0.6007],[-47.9097,-0.6007]]],[[[-47.914,-0.5844],[-47.914,-0.5844]]],[[[-47.8543,-0.6399],[-47.8543,-0.6399]]],[[[-47.8366,-0.6647],[-47.8366,-0.6647]]],[[[-47.8421,-0.6718],[-47.8413,-0.6559],[-47.8421,-0.6718]]],[[[-47.8262,-0.6309],[-47.8272,-0.6488],[-47.8262,-0.6309]]],[[[-46.7189,-0.7871],[-46.7189,-0.7871]]],[[[-46.46,-0.914],[-46.46,-0.914]]],[[[-46.1497,-0.954],[-46.1459,-0.9236],[-46.1497,-0.954]]],[[[-46.4328,-0.9888],[-46.4049,-0.9425],[-46.4328,-0.9888]]],[[[-46.4734,-0.9695],[-46.4734,-0.9695]]],[[[-46.3114,-1.006],[-46.34,-0.9598],[-46.3173,-0.9345],[-46.3114,-1.006]]],[[[-46.4812,-0.9713],[-46.4812,-0.9713]]],[[[-46.6142,-0.9572],[-46.6036,-0.9399],[-46.6142,-0.9572]]],[[[-46.4394,-1.0063],[-46.4394,-1.0063]]],[[[-46.4442,-1.0174],[-46.4325,-1.0061],[-46.4442,-1.0174]]],[[[-46.3793,-1.0225],[-46.3782,-1.0018],[-46.3793,-1.0225]]],[[[-46.4368,-1.0191],[-46.4368,-1.0191]]],[[[-46.439,-1.0183],[-46.439,-1.0183]]]]}},{"type":"Feature","properties":{"sigla":"AP","nome":"Amapá","regiao":"Norte"},"geometry":{"type":"MultiPolygon","coordinates":[[[[-51.0456,-0.0509],[-51.0808,-0.0864],[-51.2164,-0.1186],[-51.339,-0.2846],[-51.3625,-0.3681],[-51.4207,-0.429],[-51.4578,-0.5132],[-51.5955,-0.6504],[-51.6834,-0.794],[-51.6882,-1.0392],[-51.7784,-1.1404],[-51.8873,-1.1664],[-51.926,-1.1323],[-51.9559,-1.1697],[-51.9853,-1.1214],[-51.988,-1.1676],[-52.0551,-1.1769],[-52.0471,-1.2193],[-52.0705,-1.236],[-52.1099,-1.2181],[-52.1203,-1.1462],[-52.333,-1.1159],[-52.3582,-1.0626],[-52.4283,-1.0481],[-52.4145,-1.0093],[-52.4395,-0.9347],[-52.4047,-0.9127],[-52.4124,-0.8627],[-52.4555,-0.8303],[-52.5438,-0.8515],[-52.4972,-0.7229],[-52.525,-0.5853],[-52.64,-0.5849],[-52.7027,-0.4592],[-52.6792,-0.4237],[-52.6986,-0.3872],[-52.6888,-0.3041],[-52.8361,-0.1861],[-52.8515,-0.1502],[-52.9327,-0.1423],[-53.0111,0.095],[-53.0943,0.1953],[-53.0949,0.2622],[-53.1753,0.3817],[-53.1502,0.591],[-53.1063,0.684],[-53.4115,0.9293],[-53.4595,1.1275],[-53.3999,1.1584],[-53.4265,1.2427],[-53.539,1.2124],[-53.5233,1.2613],[-53.5626,1.3066],[-53.5385,1.3409],[-53.5952,1.3582],[-53.651,1.3362],[-53.6468,1.4076],[-53.6706,1.372],[-53.7115,1.384],[-53.6958,1.4181],[-53.7172,1.4318],[-53.7323,1.3863],[-53.804,1.4235],[-53.8228,1.4138],[-53.8071,1.3918],[-53.8503,1.3918],[-53.8443,1.4063],[-53.8856,1.4025],[-53.8767,1.4355],[-53.896,1.4551],[-53.9383,1.4355],[-53.9288,1.4692],[-53.9975,1.4758],[-54.009,1.5197],[-54.0865,1.4883],[-54.0846,1.5263],[-54.1175,1.5582],[-54.102,1.5906],[-54.1284,1.5913],[-54.1437,1.6406],[-54.1822,1.6581],[-54.1911,1.6249],[-54.3093,1.7411],[-54.3777,1.7637],[-54.3874,1.7452],[-54.5086,1.7483],[-54.5709,1.7845],[-54.7448,1.7758],[-54.734,1.832],[-54.7716,1.9405],[-54.7544,1.9706],[-54.8128,2.0628],[-54.8063,2.1389],[-54.7631,2.2023],[-54.8114,2.2664],[-54.8076,2.3417],[-54.8763,2.4267],[-54.744,2.4715],[-54.6849,2.4468],[-54.6921,2.3614],[-54.6622,2.327],[-54.6017,2.3372],[-54.4366,2.2099],[-54.1891,2.1788],[-53.9424,2.2424],[-53.9363,2.297],[-53.9078,2.274],[-53.8839,2.3163],[-53.8149,2.317],[-53.835,2.3397],[-53.7672,2.3789],[-53.7235,2.3541],[-53.7488,2.3128],[-53.5409,2.2573],[-53.4587,2.2611],[-53.4697,2.2888],[-53.4051,2.2975],[-53.3382,2.3536],[-53.2295,2.2654],[-53.2798,2.2233],[-53.2792,2.186],[-53.2428,2.2076],[-53.2155,2.1938],[-53.0995,2.2143],[-52.9839,2.1673],[-52.9346,2.1943],[-52.9031,2.1862],[-52.8585,2.2814],[-52.661,2.3736],[-52.6461,2.4332],[-52.6103,2.4525],[-52.6185,2.4748],[-52.5521,2.52],[-52.5612,2.5503],[-52.5272,2.5833],[-52.5555,2.6395],[-52.5293,2.6516],[-52.4222,2.891],[-52.3772,2.9162],[-52.3935,2.9463],[-52.3259,3.0778],[-52.3529,3.127],[-52.3313,3.1709],[-52.3013,3.1731],[-52.2925,3.2264],[-52.2605,3.253],[-52.2343,3.2401],[-52.1908,3.2967],[-51.9883,3.6277],[-51.9726,3.7055],[-51.9227,3.7231],[-51.9206,3.7801],[-51.7986,3.887],[-51.7776,3.9746],[-51.6561,4.0539],[-51.6189,4.2098],[-51.6792,4.3661],[-51.6694,4.4538],[-51.6376,4.5088],[-51.4859,4.4372],[-51.3318,4.3058],[-51.204,4.1251],[-51.1793,3.9195],[-51.083,3.895],[-51.0818,3.5595],[-51.1093,3.4506],[-51.0328,3.2137],[-51.0444,3.134],[-50.9505,2.8822],[-50.9542,2.8372],[-50.9085,2.7889],[-50.8477,2.6403],[-50.827,2.5128],[-50.7704,2.4534],[-50.6819,2.1334],[-50.6037,2.073],[-50.5827,1.9896],[-50.4448,1.815],[-50.1658,1.813],[-49.9292,1.6993],[-49.8817,1.5001],[-49.882,1.3529],[-49.9043,1.2956],[-49.8876,1.0229],[-49.989,0.9395],[-49.9884,0.8748],[-50.0974,0.767],[-50.2204,0.7431],[-50.226,0.6962],[-50.3397,0.6702],[-50.4251,0.6116],[-50.5963,0.2504],[-50.7435,0.1305],[-50.9595,0.0539],[-51.0456,-0.0509]]],[[[-50.4501,2.1092],[-50.3988,2.105],[-50.3173,1.959],[-50.367,1.8895],[-50.4255,1.867],[-50.5212,2.0054],[-50.5073,2.0902],[-50.4501,2.1092]]],[[[-50.5088,2.1852],[-50.4409,2.1665],[-50.4226,2.1185],[-50.5077,2.0999],[-50.5531,2.1513],[-50.5088,2.1852]]]]}},{"type":"Feature","properties":{"sigla":"TO","nome":"Tocantins","regiao":"Norte"},"geometry":{"type":"MultiPolygon","coordinates":[[[[-48.2483,-13.1924],[-48.4419,-13.2923],[-48.4755,-13.235],[-48.47,-13.1373],[-48.5181,-13.1395],[-48.5297,-13.1914],[-48.5538,-13.2035],[-48.5536,-13.3026],[-48.5861,-13.3216],[-48.5999,-13.2387],[-48.5775,-13.1733],[-48.5974,-13.1521],[-48.5759,-13.1239],[-48.6387,-13.0134],[-48.6749,-12.9928],[-48.7173,-13.0015],[-48.7351,-12.9211],[-48.8428,-12.8425],[-48.8539,-12.8053],[-48.9762,-12.9579],[-49.0218,-12.9063],[-49.0792,-12.904],[-49.0642,-12.8461],[-49.1046,-12.8354],[-49.1199,-12.7894],[-49.2377,-12.8838],[-49.351,-13.0887],[-49.3372,-13.2473],[-49.3683,-13.2723],[-49.9204,-12.9614],[-50.0396,-12.9354],[-50.0781,-12.9057],[-50.1838,-12.8974],[-50.2928,-12.8385],[-50.311,-12.7979],[-50.2833,-12.7178],[-50.2991,-12.6802],[-50.2653,-12.6822],[-50.2375,-12.5787],[-50.192,-12.5622],[-50.2295,-12.5312],[-50.2176,-12.4874],[-50.1418,-12.3954],[-50.1732,-12.4223],[-50.1959,-12.4124],[-50.1841,-12.4321],[-50.366,-12.5455],[-50.3908,-12.6115],[-50.4181,-12.6244],[-50.4124,-12.6483],[-50.4405,-12.6523],[-50.4327,-12.6915],[-50.4787,-12.7113],[-50.4651,-12.7308],[-50.4874,-12.7451],[-50.4678,-12.7543],[-50.5074,-12.8584],[-50.5203,-12.8364],[-50.5978,-12.8268],[-50.5819,-12.7994],[-50.6208,-12.8213],[-50.6118,-12.7759],[-50.636,-12.7719],[-50.623,-12.7346],[-50.6548,-12.6792],[-50.6469,-12.6511],[-50.6997,-12.6478],[-50.7065,-12.6097],[-50.668,-12.596],[-50.6865,-12.5692],[-50.653,-12.4601],[-50.6236,-12.4553],[-50.6183,-12.429],[-50.6446,-12.3459],[-50.6437,-12.223],[-50.6869,-12.2022],[-50.6673,-12.0812],[-50.6837,-11.9956],[-50.6393,-11.8846],[-50.6863,-11.859],[-50.722,-11.7397],[-50.6637,-11.6775],[-50.6575,-11.5928],[-50.716,-11.579],[-50.741,-11.5372],[-50.7285,-11.3826],[-50.656,-11.2402],[-50.661,-11.1347],[-50.6095,-11.0674],[-50.6329,-10.9359],[-50.5994,-10.8845],[-50.622,-10.8394],[-50.5706,-10.7525],[-50.6029,-10.6582],[-50.535,-10.6018],[-50.5161,-10.5039],[-50.4826,-10.49],[-50.4737,-10.4049],[-50.4183,-10.3563],[-50.3816,-10.2189],[-50.3921,-10.134],[-50.3026,-10.0354],[-50.2643,-9.9085],[-50.1074,-9.5943],[-50.0896,-9.5457],[-50.1053,-9.4754],[-50.0528,-9.3727],[-50.0485,-9.308],[-49.9941,-9.2341],[-49.9077,-9.1738],[-49.8426,-9.0273],[-49.7451,-8.9062],[-49.6844,-8.8565],[-49.5924,-8.8395],[-49.454,-8.6154],[-49.4063,-8.5737],[-49.377,-8.4553],[-49.2833,-8.3796],[-49.2096,-8.1755],[-49.1484,-7.8073],[-49.3281,-7.6778],[-49.3841,-7.5435],[-49.378,-7.4964],[-49.2315,-7.3258],[-49.1853,-7.2352],[-49.2095,-6.9254],[-49.0189,-6.7842],[-48.8142,-6.7518],[-48.6762,-6.6734],[-48.652,-6.64],[-48.6645,-6.5677],[-48.644,-6.5043],[-48.506,-6.3531],[-48.3827,-6.3796],[-48.3782,-6.3337],[-48.4171,-6.2986],[-48.4349,-6.1832],[-48.2972,-6.1105],[-48.2869,-6.0658],[-48.3352,-6.0357],[-48.3347,-6.0043],[-48.2301,-5.9384],[-48.292,-5.8368],[-48.2935,-5.7512],[-48.2757,-5.7265],[-48.176,-5.7123],[-48.1322,-5.6181],[-48.1947,-5.5631],[-48.3007,-5.523],[-48.3847,-5.3942],[-48.5052,-5.4293],[-48.5967,-5.4225],[-48.7568,-5.3529],[-48.7088,-5.351],[-48.6794,-5.3058],[-48.6061,-5.3365],[-48.533,-5.1987],[-48.3639,-5.1684],[-48.1785,-5.2608],[-48.0793,-5.2751],[-48.0041,-5.2346],[-47.9281,-5.2412],[-47.8729,-5.2724],[-47.8438,-5.3762],[-47.7443,-5.3801],[-47.6186,-5.4597],[-47.5603,-5.4632],[-47.4851,-5.5575],[-47.4737,-5.662],[-47.4934,-5.7305],[-47.4317,-5.866],[-47.448,-5.993],[-47.4331,-6.1121],[-47.3772,-6.2668],[-47.4342,-6.4312],[-47.4167,-6.4857],[-47.4565,-6.5383],[-47.4986,-6.6712],[-47.4941,-6.7548],[-47.5296,-6.8314],[-47.5052,-6.8937],[-47.53,-6.9801],[-47.6445,-7.1436],[-47.7107,-7.1377],[-47.7504,-7.1835],[-47.6477,-7.3041],[-47.6001,-7.2667],[-47.5429,-7.2654],[-47.4883,-7.3118],[-47.4835,-7.3651],[-47.5916,-7.4401],[-47.5015,-7.4398],[-47.4751,-7.5339],[-47.4251,-7.5286],[-47.44,-7.556],[-47.3991,-7.5691],[-47.3823,-7.6546],[-47.3538,-7.6481],[-47.3741,-7.624],[-47.3581,-7.616],[-47.3149,-7.66],[-47.3387,-7.6669],[-47.303,-7.6902],[-47.314,-7.7308],[-47.275,-7.7304],[-47.2672,-7.7607],[-47.2466,-7.7582],[-47.2455,-7.816],[-47.1757,-7.856],[-47.143,-7.9248],[-47.1083,-7.9369],[-47.1075,-7.9903],[-47.0675,-7.9981],[-47.0453,-8.0532],[-46.9974,-8.0666],[-46.9537,-8.0061],[-46.8728,-7.9553],[-46.8303,-7.9642],[-46.7562,-7.9229],[-46.6092,-7.893],[-46.4764,-8.0146],[-46.4656,-8.0719],[-46.5139,-8.1647],[-46.4872,-8.2009],[-46.5182,-8.2906],[-46.5596,-8.3228],[-46.6804,-8.3368],[-46.7281,-8.3864],[-46.7824,-8.3681],[-46.787,-8.3991],[-46.8068,-8.399],[-46.8005,-8.4541],[-46.8511,-8.4762],[-46.8463,-8.5349],[-46.9163,-8.5948],[-46.8977,-8.601],[-46.9164,-8.6484],[-46.8869,-8.6865],[-46.9313,-8.7268],[-46.9042,-8.7786],[-46.9149,-8.8531],[-46.9929,-8.8789],[-46.9703,-8.9145],[-47.0183,-8.9529],[-47.0216,-8.9886],[-47.0675,-9.0104],[-47.0435,-9.0265],[-47.0706,-9.062],[-47.0073,-9.0822],[-46.9216,-9.0668],[-46.9318,-9.1281],[-46.8899,-9.1244],[-46.8524,-9.1544],[-46.8507,-9.1918],[-46.8228,-9.199],[-46.8189,-9.2601],[-46.8451,-9.2998],[-46.8111,-9.3067],[-46.7587,-9.3812],[-46.7657,-9.4063],[-46.666,-9.3919],[-46.6328,-9.4116],[-46.64,-9.4577],[-46.561,-9.484],[-46.5757,-9.5175],[-46.5368,-9.5571],[-46.5924,-9.5872],[-46.6131,-9.6658],[-46.6533,-9.6934],[-46.6474,-9.7304],[-46.5751,-9.7586],[-46.5716,-9.808],[-46.5094,-9.8014],[-46.4729,-9.8774],[-46.4776,-9.9883],[-46.4565,-10.0499],[-46.384,-10.1201],[-46.3679,-10.1688],[-46.2109,-10.1697],[-46.1633,-10.2136],[-46.0997,-10.2129],[-46.0283,-10.1769],[-46.0124,-10.2507],[-46.0282,-10.2771],[-45.9711,-10.3589],[-45.9332,-10.37],[-45.8872,-10.3405],[-45.9156,-10.3127],[-45.8967,-10.2643],[-45.7607,-10.2506],[-45.7332,-10.2272],[-45.7235,-10.1554],[-45.702,-10.1794],[-45.6993,-10.2586],[-45.7269,-10.3125],[-45.7982,-10.3232],[-45.8206,-10.4573],[-45.8709,-10.5033],[-46.1497,-10.6359],[-46.1503,-10.6916],[-46.1959,-10.7452],[-46.2062,-10.8005],[-46.2264,-10.7829],[-46.2605,-10.812],[-46.2673,-10.9348],[-46.3416,-10.939],[-46.5522,-11.2628],[-46.5765,-11.3423],[-46.5683,-11.3716],[-46.5319,-11.3749],[-46.5241,-11.4636],[-46.4404,-11.5208],[-46.3481,-11.5066],[-46.2505,-11.5367],[-46.2093,-11.5854],[-46.0809,-11.624],[-46.1445,-11.6243],[-46.1572,-11.6515],[-46.2247,-11.6397],[-46.2443,-11.6052],[-46.3256,-11.5996],[-46.3849,-11.6252],[-46.3957,-11.6425],[-46.3402,-11.6396],[-46.3385,-11.6719],[-46.3077,-11.6864],[-46.3367,-11.7396],[-46.3785,-11.7485],[-46.3751,-11.7686],[-46.3437,-11.7601],[-46.3609,-11.779],[-46.328,-11.7714],[-46.3485,-11.7858],[-46.3379,-11.8141],[-46.3587,-11.8125],[-46.3506,-11.8374],[-46.3811,-11.8377],[-46.3707,-11.8896],[-46.2822,-11.9182],[-46.18,-11.9071],[-46.2331,-11.9365],[-46.3155,-11.942],[-46.4002,-12.0248],[-46.4083,-12.0096],[-46.4798,-12.0474],[-46.3844,-12.0518],[-46.3986,-12.0914],[-46.3712,-12.0997],[-46.3715,-12.1232],[-46.4065,-12.157],[-46.3811,-12.1811],[-46.4102,-12.1986],[-46.365,-12.217],[-46.388,-12.2446],[-46.3696,-12.2675],[-46.3848,-12.2967],[-46.3445,-12.3028],[-46.3774,-12.3528],[-46.2899,-12.3767],[-46.3404,-12.4144],[-46.3405,-12.4523],[-46.3155,-12.4634],[-46.305,-12.4169],[-46.2853,-12.4322],[-46.2821,-12.416],[-46.261,-12.4739],[-46.2726,-12.5146],[-46.1982,-12.504],[-46.3076,-12.5767],[-46.2758,-12.5944],[-46.3104,-12.6427],[-46.2639,-12.6583],[-46.3057,-12.6885],[-46.3041,-12.7149],[-46.2681,-12.7162],[-46.3121,-12.7982],[-46.2735,-12.8316],[-46.3301,-12.9579],[-46.1177,-12.9235],[-46.3644,-12.9907],[-46.3658,-12.8634],[-46.418,-12.8224],[-46.4546,-12.9712],[-46.7506,-12.9692],[-46.8199,-13.0017],[-46.8545,-13.0675],[-46.8917,-13.0524],[-46.979,-13.1318],[-47.0021,-13.1217],[-47.0879,-13.1818],[-47.1321,-13.1779],[-47.154,-13.2103],[-47.1837,-13.1874],[-47.2296,-13.1947],[-47.2822,-13.2651],[-47.3776,-13.2291],[-47.4261,-13.29],[-47.4544,-13.2505],[-47.4345,-13.2288],[-47.4864,-13.2197],[-47.4784,-13.185],[-47.5578,-13.1869],[-47.5638,-13.1191],[-47.6336,-13.1012],[-47.6676,-13.2109],[-47.6397,-13.2643],[-47.6615,-13.3028],[-47.6501,-13.3492],[-47.6223,-13.3692],[-47.6797,-13.4682],[-47.8202,-13.3125],[-47.8844,-13.3207],[-47.9363,-13.2899],[-47.9667,-13.3151],[-47.9835,-13.2791],[-48.0253,-13.2798],[-48.0625,-13.2357],[-48.0825,-13.2895],[-48.1648,-13.3067],[-48.1659,-13.1893],[-48.1437,-13.1525],[-48.2304,-13.1686],[-48.2483,-13.1924]]]]}},{"type":"Feature","properties":{"sigla":"MA","nome":"Maranhão","regiao":"Nordeste"},"geometry":{"type":"MultiPolygon","coordinates":[[[[-44.5868,-2.2334],[-44.5294,-2.1592],[-44.4635,-2.1444],[-44.3985,-2.2144],[-44.3578,-2.3396],[-44.388,-2.4089],[-44.4984,-2.4259],[-44.4429,-2.4575],[-44.4902,-2.5217],[-44.5346,-2.5277],[-44.5848,-2.6572],[-44.6268,-2.7027],[-44.6516,-2.8075],[-44.6327,-2.8548],[-44.6786,-2.9153],[-44.6794,-2.9791],[-44.6655,-3.0109],[-44.5972,-3.04],[-44.507,-3.0328],[-44.4248,-2.9439],[-44.4092,-2.7925],[-44.3541,-2.6032],[-44.3777,-2.5658],[-44.3489,-2.5269],[-44.3093,-2.5389],[-44.3046,-2.4875],[-44.1744,-2.4584],[-44.0946,-2.4066],[-44.0308,-2.407],[-44.0238,-2.4487],[-44.0527,-2.4688],[-44.0239,-2.5083],[-44.0361,-2.5565],[-44.0928,-2.5747],[-44.1376,-2.6816],[-44.2496,-2.7303],[-44.266,-2.758],[-44.2414,-2.7805],[-44.0949,-2.7533],[-44.0226,-2.6526],[-43.9565,-2.6215],[-43.9312,-2.5616],[-43.8937,-2.5565],[-43.8502,-2.51],[-43.8381,-2.4167],[-43.8005,-2.3903],[-43.8084,-2.4384],[-43.76,-2.4174],[-43.7268,-2.3865],[-43.7396,-2.3503],[-43.7204,-2.2914],[-43.6272,-2.2512],[-43.5936,-2.2872],[-43.6236,-2.3031],[-43.6452,-2.4027],[-43.6876,-2.3977],[-43.7321,-2.4255],[-43.7759,-2.4727],[-43.7678,-2.4939],[-43.717,-2.4759],[-43.6925,-2.5205],[-43.6516,-2.4818],[-43.622,-2.5102],[-43.5798,-2.4586],[-43.5988,-2.4994],[-43.5806,-2.5071],[-43.5285,-2.4187],[-43.5087,-2.4761],[-43.4615,-2.4863],[-43.4521,-2.4426],[-43.4842,-2.3782],[-43.461,-2.3506],[-43.2919,-2.3431],[-42.8253,-2.5447],[-42.7227,-2.5562],[-42.5874,-2.669],[-42.5042,-2.6781],[-42.4939,-2.7049],[-42.3687,-2.714],[-42.3386,-2.7492],[-42.2636,-2.7579],[-42.2569,-2.6757],[-42.2295,-2.6965],[-42.0702,-2.6872],[-42.0314,-2.7396],[-42.014,-2.7126],[-41.8072,-2.73],[-41.8475,-2.7756],[-41.866,-2.87],[-41.7963,-2.9596],[-41.8228,-3.0179],[-41.9234,-3.1101],[-41.9356,-3.1836],[-41.9543,-3.1768],[-42.0128,-3.2481],[-42.1266,-3.2697],[-42.0994,-3.3153],[-42.1254,-3.3131],[-42.1507,-3.3866],[-42.191,-3.3953],[-42.2017,-3.4313],[-42.2953,-3.4541],[-42.3314,-3.4335],[-42.3875,-3.4475],[-42.4037,-3.4758],[-42.4255,-3.4537],[-42.4613,-3.4846],[-42.5033,-3.4506],[-42.5652,-3.5674],[-42.6118,-3.5871],[-42.6751,-3.6727],[-42.6715,-3.7916],[-42.7299,-3.9163],[-42.8222,-3.9996],[-42.8697,-4.1041],[-42.9015,-4.1189],[-42.8885,-4.1535],[-42.9358,-4.1591],[-42.9864,-4.2205],[-42.9629,-4.3761],[-42.88,-4.4159],[-42.878,-4.4596],[-42.8504,-4.4845],[-42.873,-4.5817],[-42.9524,-4.6798],[-42.9207,-4.7382],[-42.9504,-4.7752],[-42.8539,-4.9373],[-42.8632,-4.9681],[-42.799,-5.1897],[-42.8295,-5.2393],[-42.8116,-5.2897],[-42.8253,-5.3464],[-42.9654,-5.4492],[-43.0332,-5.5921],[-43.082,-5.5995],[-43.098,-5.6248],[-43.0758,-5.7311],[-43.1012,-5.7586],[-43.0965,-5.8298],[-43.0749,-5.8677],[-43.0995,-5.9046],[-43.0476,-5.9973],[-43.0746,-6.0574],[-43.0451,-6.1065],[-42.9864,-6.123],[-42.9699,-6.1773],[-42.8615,-6.2391],[-42.8598,-6.3299],[-42.8295,-6.3342],[-42.8779,-6.4185],[-42.8658,-6.4839],[-42.9199,-6.671],[-43.0111,-6.76],[-43.0835,-6.7493],[-43.1476,-6.7837],[-43.2448,-6.7669],[-43.4191,-6.844],[-43.4812,-6.8354],[-43.5617,-6.7481],[-43.5844,-6.7575],[-43.715,-6.6987],[-43.7951,-6.7021],[-43.9324,-6.772],[-43.9612,-6.7419],[-44.0334,-6.7604],[-44.0697,-6.8214],[-44.1163,-6.8058],[-44.1006,-6.8511],[-44.1251,-6.8356],[-44.2082,-6.9699],[-44.2623,-7.0013],[-44.3052,-7.1178],[-44.3861,-7.1209],[-44.5052,-7.1868],[-44.5251,-7.222],[-44.5642,-7.2277],[-44.6159,-7.3087],[-44.6627,-7.3313],[-44.6886,-7.3949],[-44.7299,-7.3908],[-44.742,-7.3617],[-44.7803,-7.3785],[-44.8165,-7.3609],[-44.9248,-7.4705],[-45.0492,-7.5132],[-45.1555,-7.5129],[-45.2185,-7.5685],[-45.2323,-7.5491],[-45.3347,-7.5777],[-45.3722,-7.6184],[-45.3955,-7.6145],[-45.4375,-7.6781],[-45.4596,-7.6728],[-45.4488,-7.6854],[-45.4964,-7.7478],[-45.4895,-7.7863],[-45.5408,-7.8641],[-45.5237,-7.9108],[-45.5681,-7.9941],[-45.5511,-8.0145],[-45.5777,-8.0283],[-45.563,-8.0456],[-45.5837,-8.1569],[-45.6636,-8.2505],[-45.7449,-8.4492],[-45.7538,-8.5421],[-45.7946,-8.5837],[-45.7662,-8.6095],[-45.816,-8.6328],[-45.8404,-8.7155],[-45.9377,-8.7812],[-45.9951,-8.927],[-45.9438,-9.0151],[-45.9287,-9.1376],[-45.8977,-9.1853],[-45.8943,-9.3416],[-45.8247,-9.3746],[-45.7834,-9.4795],[-45.8419,-9.5629],[-45.8204,-9.6179],[-45.8386,-9.6963],[-45.8214,-9.7731],[-45.8663,-9.8707],[-45.8423,-9.9416],[-45.8773,-10.1066],[-45.9456,-10.1964],[-45.9463,-10.2585],[-46.0041,-10.2617],[-46.0312,-10.1761],[-46.0997,-10.2129],[-46.1633,-10.2136],[-46.2109,-10.1697],[-46.3679,-10.1688],[-46.384,-10.1201],[-46.4565,-10.0499],[-46.4776,-9.9883],[-46.4729,-9.8774],[-46.5094,-9.8014],[-46.5716,-9.808],[-46.5751,-9.7586],[-46.6474,-9.7304],[-46.6533,-9.6934],[-46.6131,-9.6658],[-46.5924,-9.5872],[-46.5368,-9.5571],[-46.5757,-9.5175],[-46.561,-9.484],[-46.64,-9.4577],[-46.6328,-9.4116],[-46.666,-9.3919],[-46.7657,-9.4063],[-46.7587,-9.3812],[-46.8111,-9.3067],[-46.8451,-9.2998],[-46.8189,-9.2601],[-46.8228,-9.199],[-46.8507,-9.1918],[-46.8524,-9.1544],[-46.8899,-9.1244],[-46.9318,-9.1281],[-46.9216,-9.0668],[-47.0073,-9.0822],[-47.0706,-9.062],[-47.0435,-9.0265],[-47.0675,-9.0104],[-47.0216,-8.9886],[-47.0183,-8.9529],[-46.9703,-8.9145],[-46.9929,-8.8789],[-46.9149,-8.8531],[-46.9042,-8.7786],[-46.9313,-8.7268],[-46.8869,-8.6865],[-46.9164,-8.6484],[-46.8977,-8.601],[-46.9163,-8.5948],[-46.8463,-8.5349],[-46.8511,-8.4762],[-46.8005,-8.4541],[-46.8068,-8.399],[-46.787,-8.3991],[-46.7824,-8.3681],[-46.7281,-8.3864],[-46.6804,-8.3368],[-46.5469,-8.319],[-46.5168,-8.2881],[-46.4872,-8.2009],[-46.5139,-8.1647],[-46.4656,-8.0719],[-46.4892,-7.9875],[-46.6092,-7.893],[-46.7562,-7.9229],[-46.8303,-7.9642],[-46.8728,-7.9553],[-46.9537,-8.0061],[-46.9974,-8.0666],[-47.0456,-8.0531],[-47.0675,-7.9981],[-47.1075,-7.9903],[-47.1083,-7.9369],[-47.143,-7.9248],[-47.1757,-7.856],[-47.2455,-7.816],[-47.2466,-7.7582],[-47.2672,-7.7607],[-47.275,-7.7304],[-47.314,-7.7308],[-47.303,-7.6902],[-47.3387,-7.6669],[-47.3149,-7.66],[-47.3581,-7.616],[-47.3741,-7.624],[-47.3538,-7.6481],[-47.3823,-7.6546],[-47.3991,-7.5691],[-47.44,-7.556],[-47.4251,-7.5286],[-47.4751,-7.5339],[-47.5015,-7.4398],[-47.5916,-7.4401],[-47.4835,-7.3651],[-47.4998,-7.2939],[-47.5919,-7.264],[-47.6477,-7.3041],[-47.7498,-7.1953],[-47.7107,-7.1377],[-47.6445,-7.1436],[-47.53,-6.9801],[-47.5052,-6.8937],[-47.5296,-6.8314],[-47.4941,-6.7548],[-47.4986,-6.6712],[-47.4565,-6.5383],[-47.4167,-6.4857],[-47.4342,-6.4312],[-47.3772,-6.2668],[-47.4302,-6.131],[-47.448,-5.993],[-47.4311,-5.8692],[-47.4934,-5.7305],[-47.4737,-5.662],[-47.5001,-5.5256],[-47.5554,-5.4657],[-47.6186,-5.4597],[-47.7409,-5.3814],[-47.8438,-5.3762],[-47.8729,-5.2724],[-47.9281,-5.2412],[-48.0041,-5.2346],[-48.0793,-5.2751],[-48.1785,-5.2608],[-48.3639,-5.1684],[-48.533,-5.1987],[-48.6061,-5.3365],[-48.6794,-5.3058],[-48.7121,-5.353],[-48.7552,-5.3492],[-47.7926,-4.5864],[-47.68,-4.6086],[-47.6119,-4.5574],[-47.5028,-4.4037],[-47.4747,-4.315],[-47.3718,-4.2456],[-47.3194,-4.0478],[-47.3051,-4.0588],[-47.1903,-3.9837],[-47.1731,-3.9238],[-47.0852,-3.8566],[-47.037,-3.668],[-47.057,-3.6546],[-47.0274,-3.5993],[-47.0388,-3.5621],[-46.9757,-3.5298],[-46.9823,-3.4949],[-46.9485,-3.4768],[-46.9443,-3.3772],[-46.8139,-3.3101],[-46.8062,-3.244],[-46.7553,-3.2162],[-46.7731,-3.1786],[-46.7516,-3.1888],[-46.7199,-3.1535],[-46.7481,-3.1219],[-46.7189,-3.1092],[-46.7077,-3.1271],[-46.7068,-3.1006],[-46.6765,-3.0941],[-46.6588,-3.0109],[-46.6742,-3.0002],[-46.6499,-2.996],[-46.663,-2.9747],[-46.6474,-2.9698],[-46.673,-2.9451],[-46.6539,-2.9311],[-46.6806,-2.8827],[-46.6394,-2.8836],[-46.6148,-2.8294],[-46.5757,-2.8415],[-46.6025,-2.7892],[-46.6348,-2.7964],[-46.6714,-2.7062],[-46.6343,-2.6855],[-46.6223,-2.6449],[-46.5926,-2.6655],[-46.5789,-2.6315],[-46.5068,-2.6169],[-46.4912,-2.5376],[-46.4193,-2.5324],[-46.4422,-2.4194],[-46.4094,-2.3714],[-46.4674,-2.3764],[-46.4316,-2.3348],[-46.4159,-2.2691],[-46.4319,-2.2371],[-46.3822,-2.249],[-46.2833,-2.1544],[-46.3009,-2.1418],[-46.2721,-2.1176],[-46.2753,-2.0575],[-46.2227,-1.9102],[-46.2448,-1.8819],[-46.2114,-1.8357],[-46.2536,-1.7958],[-46.3122,-1.8057],[-46.3216,-1.7586],[-46.3085,-1.7309],[-46.2212,-1.7313],[-46.1568,-1.6803],[-46.1642,-1.6266],[-46.1336,-1.5787],[-46.1763,-1.4749],[-46.1398,-1.4439],[-46.1542,-1.4226],[-46.1037,-1.3373],[-46.1592,-1.2878],[-46.1493,-1.226],[-46.0771,-1.1962],[-46.0564,-1.1316],[-46.0385,-1.173],[-46.0461,-1.1211],[-45.9946,-1.053],[-45.9647,-1.0561],[-45.9845,-1.066],[-45.9678,-1.0872],[-45.9837,-1.1108],[-45.9623,-1.1102],[-45.9517,-1.1419],[-45.954,-1.2022],[-45.8606,-1.0497],[-45.8502,-1.102],[-45.9121,-1.1663],[-45.8747,-1.1499],[-45.8628,-1.2127],[-45.8263,-1.2036],[-45.829,-1.1766],[-45.8021,-1.1613],[-45.7682,-1.199],[-45.7209,-1.11],[-45.6909,-1.1487],[-45.7382,-1.2201],[-45.6899,-1.2736],[-45.6481,-1.237],[-45.6299,-1.1236],[-45.6136,-1.1629],[-45.6435,-1.223],[-45.6368,-1.2812],[-45.5937,-1.2667],[-45.5921,-1.3024],[-45.5489,-1.2764],[-45.545,-1.3014],[-45.5145,-1.3071],[-45.5124,-1.3781],[-45.4461,-1.3118],[-45.4573,-1.2976],[-45.4141,-1.2975],[-45.4157,-1.3459],[-45.475,-1.372],[-45.4825,-1.4786],[-45.3704,-1.3955],[-45.3764,-1.3667],[-45.3407,-1.352],[-45.3623,-1.3189],[-45.3086,-1.3329],[-45.3004,-1.4376],[-45.3882,-1.472],[-45.3084,-1.4968],[-45.3348,-1.5943],[-45.2609,-1.5961],[-45.198,-1.4884],[-45.1526,-1.4704],[-45.1325,-1.4848],[-45.0967,-1.4555],[-45.0489,-1.4904],[-45.0065,-1.4861],[-44.9898,-1.511],[-45.0072,-1.5318],[-44.9787,-1.5246],[-44.9547,-1.5608],[-44.9685,-1.477],[-44.9371,-1.4899],[-44.8864,-1.4201],[-44.8377,-1.4211],[-44.8434,-1.4883],[-44.8851,-1.4779],[-44.8729,-1.4891],[-44.9183,-1.539],[-44.9109,-1.5986],[-44.8561,-1.6184],[-44.8357,-1.5729],[-44.8027,-1.5894],[-44.7686,-1.5613],[-44.7644,-1.5948],[-44.7094,-1.5519],[-44.7069,-1.5818],[-44.6788,-1.5682],[-44.6363,-1.6166],[-44.6585,-1.6598],[-44.675,-1.6414],[-44.7468,-1.6507],[-44.8001,-1.703],[-44.7009,-1.7262],[-44.759,-1.7874],[-44.646,-1.7651],[-44.6525,-1.7154],[-44.6116,-1.7321],[-44.5984,-1.7447],[-44.6177,-1.7608],[-44.5734,-1.7752],[-44.5907,-1.7822],[-44.5646,-1.8353],[-44.5333,-1.8228],[-44.5526,-1.887],[-44.5177,-1.8821],[-44.4916,-1.9447],[-44.5113,-1.9581],[-44.4821,-1.9883],[-44.5784,-2.028],[-44.5017,-2.0236],[-44.4857,-2.0435],[-44.5525,-2.089],[-44.595,-2.1816],[-44.6854,-2.263],[-44.6346,-2.2947],[-44.5868,-2.2334]]],[[[-46.0153,-1.0781],[-46.0153,-1.0781]]],[[[-45.9553,-1.1915],[-45.9553,-1.1915]]],[[[-45.9013,-1.1616],[-45.9013,-1.1616]]],[[[-45.8087,-1.1477],[-45.8259,-1.1517],[-45.8273,-1.128],[-45.8065,-1.1257],[-45.8087,-1.1477]]],[[[-45.769,-1.1962],[-45.769,-1.1962]]],[[[-45.6912,-1.2654],[-45.7109,-1.228],[-45.688,-1.1837],[-45.6673,-1.2302],[-45.6912,-1.2654]]],[[[-45.6498,-1.2343],[-45.6498,-1.2343]]],[[[-45.605,-1.1601],[-45.605,-1.1601]]],[[[-45.5359,-1.228],[-45.5959,-1.2418],[-45.5727,-1.1919],[-45.5359,-1.228]]],[[[-45.57,-1.2613],[-45.57,-1.2613]]],[[[-45.4992,-1.3617],[-45.4959,-1.3462],[-45.4992,-1.3617]]],[[[-45.4913,-1.3482],[-45.4913,-1.3482]]],[[[-45.4111,-1.4183],[-45.4089,-1.3991],[-45.4111,-1.4183]]],[[[-45.1416,-1.4714],[-45.1416,-1.4714]]],[[[-45.109,-1.469],[-45.1337,-1.4639],[-45.1106,-1.4219],[-45.109,-1.469]]],[[[-45.0974,-1.3856],[-45.1112,-1.4128],[-45.1149,-1.3631],[-45.0974,-1.3856]]],[[[-45.0885,-1.4439],[-45.0879,-1.4224],[-45.0885,-1.4439]]],[[[-45.096,-1.4501],[-45.096,-1.4501]]],[[[-45.092,-1.4093],[-45.1011,-1.433],[-45.0717,-1.3734],[-45.092,-1.4093]]],[[[-45.0719,-1.4438],[-45.0749,-1.4596],[-45.0789,-1.4279],[-45.0719,-1.4438]]],[[[-45.0436,-1.3983],[-45.0477,-1.3662],[-45.0436,-1.3983]]],[[[-44.9662,-1.2711],[-44.8852,-1.2811],[-44.8669,-1.3287],[-45.0053,-1.4008],[-45.0308,-1.3212],[-44.9816,-1.3205],[-45.0017,-1.292],[-44.9662,-1.2711]]],[[[-44.8954,-1.5288],[-44.8954,-1.5288]]],[[[-44.8699,-1.4874],[-44.8699,-1.4874]]],[[[-44.8638,-1.4918],[-44.8638,-1.4918]]],[[[-44.8276,-1.5671],[-44.8391,-1.5575],[-44.8276,-1.5671]]],[[[-44.7744,-1.4873],[-44.7982,-1.5515],[-44.8286,-1.5559],[-44.8134,-1.5057],[-44.7744,-1.4873]]],[[[-44.7517,-1.4684],[-44.7474,-1.5145],[-44.7929,-1.526],[-44.7722,-1.4859],[-44.7925,-1.4688],[-44.7517,-1.4684]]],[[[-44.7802,-1.574],[-44.7802,-1.574]]],[[[-44.7322,-1.6862],[-44.7579,-1.6893],[-44.7322,-1.6862]]],[[[-44.7493,-1.6803],[-44.7493,-1.6803]]],[[[-44.7323,-1.5441],[-44.7626,-1.58],[-44.7533,-1.5369],[-44.7323,-1.5441]]],[[[-44.7256,-1.6674],[-44.7422,-1.6668],[-44.7256,-1.6674]]],[[[-44.5911,-2.878],[-44.5911,-2.878]]],[[[-44.6616,-2.9451],[-44.6408,-2.9148],[-44.6616,-2.9451]]],[[[-44.4815,-2.7266],[-44.479,-2.9579],[-44.5828,-3.0318],[-44.6409,-2.9698],[-44.5896,-2.8948],[-44.5862,-2.8147],[-44.4815,-2.7266]]],[[[-44.6291,-2.9433],[-44.6211,-2.9263],[-44.6291,-2.9433]]],[[[-44.6612,-2.9802],[-44.6617,-2.9569],[-44.6612,-2.9802]]],[[[-44.4123,-2.7983],[-44.4123,-2.7983]]],[[[-44.3732,-2.5793],[-44.3732,-2.5793]]],[[[-44.3645,-2.5451],[-44.3645,-2.5451]]],[[[-44.3654,-2.54],[-44.3654,-2.54]]],[[[-44.362,-2.5255],[-44.362,-2.5255]]],[[[-44.3595,-2.5229],[-44.3595,-2.5229]]],[[[-44.4234,-2.4156],[-44.4234,-2.4156]]],[[[-44.5383,-2.0212],[-44.5383,-2.0212]]],[[[-44.4774,-2.0786],[-44.4774,-2.0786]]],[[[-43.8553,-2.4482],[-43.8553,-2.4482]]],[[[-43.851,-2.4229],[-43.8703,-2.4455],[-43.851,-2.4229]]],[[[-43.7884,-2.4157],[-43.7884,-2.4157]]],[[[-43.5421,-2.3606],[-43.5619,-2.4238],[-43.6013,-2.4129],[-43.6067,-2.3716],[-43.5421,-2.3606]]],[[[-43.7542,-2.3771],[-43.7887,-2.4144],[-43.787,-2.3774],[-43.7542,-2.3771]]],[[[-43.5063,-2.4043],[-43.5372,-2.4056],[-43.5268,-2.3707],[-43.5063,-2.4043]]],[[[-43.851,-2.4646],[-43.851,-2.4646]]],[[[-43.8536,-2.4732],[-43.8536,-2.4732]]],[[[-43.4648,-2.4849],[-43.4709,-2.4704],[-43.4648,-2.4849]]],[[[-43.7103,-2.485],[-43.7103,-2.485]]],[[[-43.6803,-2.5085],[-43.6803,-2.5085]]],[[[-44.0959,-2.7508],[-44.0959,-2.7508]]],[[[-44.0923,-2.7468],[-44.0923,-2.7468]]]]}},{"type":"Feature","properties":{"sigla":"PI","nome":"Piauí","regiao":"Nordeste"},"geometry":{"type":"MultiPolygon","coordinates":[[[[-42.4703,-3.4838],[-42.4248,-3.4534],[-42.3999,-3.4748],[-42.3884,-3.4481],[-42.3314,-3.4335],[-42.2953,-3.4541],[-42.2017,-3.4313],[-42.191,-3.3953],[-42.1507,-3.3866],[-42.1254,-3.3131],[-42.0994,-3.3153],[-42.1236,-3.2668],[-42.0128,-3.2481],[-41.9543,-3.1768],[-41.9356,-3.1836],[-41.9234,-3.1101],[-41.8228,-3.0179],[-41.7963,-2.9596],[-41.866,-2.87],[-41.826,-2.7573],[-41.7931,-2.7506],[-41.5944,-2.9042],[-41.4784,-2.896],[-41.3227,-2.9213],[-41.3201,-2.9571],[-41.2708,-2.9712],[-41.2481,-3.0259],[-41.2558,-3.0876],[-41.3188,-3.1448],[-41.4235,-3.368],[-41.3991,-3.3636],[-41.387,-3.4093],[-41.324,-3.3859],[-41.303,-3.4922],[-41.3713,-3.5726],[-41.3313,-3.6247],[-41.3417,-3.6808],[-41.2383,-3.7158],[-41.2585,-3.7328],[-41.2541,-3.775],[-41.3008,-3.8263],[-41.2769,-3.8256],[-41.2202,-3.9415],[-41.2567,-4.0348],[-41.1855,-4.0172],[-41.1143,-4.0406],[-41.1431,-4.1242],[-41.0909,-4.1703],[-41.1359,-4.2335],[-41.1202,-4.3306],[-41.16,-4.3815],[-41.1908,-4.5155],[-41.2423,-4.5699],[-41.2212,-4.5789],[-41.2293,-4.6201],[-41.1739,-4.6669],[-41.2503,-4.7566],[-41.208,-4.7768],[-41.2496,-4.8697],[-41.2214,-4.9382],[-41.1375,-4.985],[-41.132,-5.0486],[-41.097,-5.0531],[-41.0538,-5.1032],[-41.034,-5.0911],[-40.9825,-5.1535],[-40.9256,-5.1769],[-40.922,-5.2265],[-40.9422,-5.2405],[-40.9117,-5.2667],[-40.9121,-5.3142],[-40.9361,-5.366],[-40.9115,-5.4074],[-40.9438,-5.4236],[-40.9162,-5.4638],[-40.9365,-5.5264],[-40.9011,-5.6159],[-40.9388,-5.6733],[-40.8736,-5.9668],[-40.9075,-6.0447],[-40.8728,-6.0566],[-40.8457,-6.135],[-40.8522,-6.2242],[-40.7829,-6.3134],[-40.8052,-6.3931],[-40.7921,-6.5129],[-40.722,-6.6177],[-40.7315,-6.657],[-40.6022,-6.716],[-40.4769,-6.7328],[-40.4322,-6.813],[-40.3705,-6.8031],[-40.4302,-6.8678],[-40.4299,-6.9933],[-40.4062,-7.0053],[-40.4387,-7.0165],[-40.4277,-7.0339],[-40.4897,-7.1187],[-40.5116,-7.2994],[-40.5415,-7.3323],[-40.5485,-7.3927],[-40.7012,-7.4564],[-40.7151,-7.4814],[-40.622,-7.6514],[-40.6736,-7.7617],[-40.5591,-7.8148],[-40.5381,-7.8569],[-40.5442,-7.9646],[-40.6031,-8.0953],[-40.5897,-8.1388],[-40.634,-8.1394],[-40.7073,-8.2235],[-40.7825,-8.2533],[-40.7799,-8.3019],[-40.8195,-8.3219],[-40.8201,-8.3635],[-40.8502,-8.3805],[-40.8935,-8.3573],[-40.9251,-8.4463],[-41.0,-8.4003],[-41.0437,-8.4367],[-41.0511,-8.4805],[-41.0789,-8.4725],[-41.0956,-8.5185],[-41.1484,-8.533],[-41.1687,-8.5831],[-41.2123,-8.6018],[-41.2135,-8.6442],[-41.2874,-8.6608],[-41.3369,-8.7084],[-41.3838,-8.7095],[-41.4243,-8.8026],[-41.5106,-8.8762],[-41.5445,-8.9605],[-41.6058,-8.9574],[-41.6805,-9.0123],[-41.7265,-9.0164],[-41.7352,-9.0947],[-41.8001,-9.148],[-41.838,-9.2423],[-41.8705,-9.2374],[-41.9179,-9.2785],[-42.0247,-9.2498],[-42.3161,-9.3166],[-42.3595,-9.3776],[-42.423,-9.4137],[-42.4406,-9.4562],[-42.4891,-9.462],[-42.4931,-9.4949],[-42.5886,-9.4974],[-42.6217,-9.5413],[-42.7199,-9.5307],[-42.7169,-9.5563],[-42.77,-9.6192],[-42.8206,-9.6192],[-42.8371,-9.5504],[-42.8733,-9.5639],[-42.904,-9.5268],[-42.9462,-9.5184],[-42.9734,-9.4071],[-43.0569,-9.4191],[-43.0607,-9.3954],[-43.1196,-9.3719],[-43.1586,-9.377],[-43.1917,-9.4204],[-43.2143,-9.3996],[-43.2788,-9.4246],[-43.3613,-9.3644],[-43.4278,-9.2726],[-43.4855,-9.2653],[-43.6858,-9.4178],[-43.7783,-9.4487],[-43.8505,-9.5497],[-43.842,-9.6374],[-43.7973,-9.6965],[-43.7849,-9.7624],[-43.6532,-9.8391],[-43.709,-9.9132],[-43.6905,-9.9295],[-43.703,-9.9661],[-43.6621,-10.0095],[-43.6929,-10.0774],[-43.766,-10.0801],[-43.7791,-10.1805],[-43.8373,-10.2501],[-43.8383,-10.3046],[-43.9148,-10.3842],[-43.9183,-10.429],[-44.0278,-10.4125],[-44.0258,-10.4755],[-44.0721,-10.5799],[-44.1313,-10.6349],[-44.264,-10.6247],[-44.3368,-10.5485],[-44.3981,-10.6059],[-44.4563,-10.6081],[-44.5005,-10.6497],[-44.5849,-10.6294],[-44.6185,-10.6711],[-44.6666,-10.6823],[-44.6677,-10.7601],[-44.7461,-10.7776],[-44.8443,-10.9],[-44.8597,-10.8832],[-44.9312,-10.9288],[-45.0732,-10.8404],[-45.2481,-10.822],[-45.2685,-10.7762],[-45.3582,-10.7322],[-45.3852,-10.6516],[-45.4324,-10.6306],[-45.4473,-10.5074],[-45.396,-10.445],[-45.4245,-10.4265],[-45.4303,-10.3595],[-45.5144,-10.2898],[-45.5262,-10.2369],[-45.5625,-10.2109],[-45.5675,-10.1395],[-45.5932,-10.1103],[-45.7266,-10.1569],[-45.7339,-10.2286],[-45.7937,-10.2677],[-45.8708,-10.25],[-45.8967,-10.2643],[-45.9156,-10.3127],[-45.8872,-10.3405],[-45.9109,-10.3711],[-45.9711,-10.3589],[-46.0282,-10.2771],[-46.0124,-10.2507],[-45.9463,-10.2585],[-45.9456,-10.1964],[-45.8773,-10.1066],[-45.8423,-9.9416],[-45.8663,-9.8707],[-45.8214,-9.7731],[-45.8386,-9.6963],[-45.8204,-9.6179],[-45.8419,-9.5629],[-45.7834,-9.4795],[-45.8241,-9.3753],[-45.8885,-9.3485],[-45.9033,-9.3164],[-45.8977,-9.1853],[-45.9287,-9.1376],[-45.9438,-9.0151],[-45.9941,-8.9372],[-45.9453,-8.8389],[-45.9607,-8.8179],[-45.8642,-8.7155],[-45.84,-8.7151],[-45.7986,-8.6136],[-45.7662,-8.6095],[-45.7951,-8.5865],[-45.7393,-8.5025],[-45.7332,-8.413],[-45.6906,-8.3558],[-45.6636,-8.2505],[-45.5837,-8.1569],[-45.563,-8.0456],[-45.5777,-8.0283],[-45.5511,-8.0145],[-45.5681,-7.9941],[-45.5237,-7.9108],[-45.5406,-7.8634],[-45.4895,-7.7863],[-45.4701,-7.6899],[-45.4,-7.6419],[-45.394,-7.6134],[-45.2323,-7.5491],[-45.2174,-7.5682],[-45.1555,-7.5129],[-45.0492,-7.5132],[-44.9248,-7.4705],[-44.8165,-7.3609],[-44.7803,-7.3785],[-44.742,-7.3617],[-44.7299,-7.3908],[-44.6886,-7.3949],[-44.6627,-7.3313],[-44.6159,-7.3087],[-44.5642,-7.2277],[-44.5251,-7.222],[-44.5052,-7.1868],[-44.3861,-7.1209],[-44.3052,-7.1178],[-44.2623,-7.0013],[-44.2082,-6.9699],[-44.1251,-6.8356],[-44.1006,-6.8511],[-44.1163,-6.8058],[-44.0697,-6.8214],[-44.0334,-6.7604],[-43.9612,-6.7419],[-43.9324,-6.772],[-43.7951,-6.7021],[-43.715,-6.6987],[-43.5844,-6.7575],[-43.5617,-6.7481],[-43.4812,-6.8354],[-43.4191,-6.844],[-43.2448,-6.7669],[-43.1476,-6.7837],[-43.0835,-6.7493],[-43.0111,-6.76],[-42.9199,-6.671],[-42.8658,-6.4839],[-42.8779,-6.4185],[-42.8295,-6.3342],[-42.8598,-6.3299],[-42.8615,-6.2391],[-42.9699,-6.1773],[-42.9864,-6.123],[-43.0451,-6.1065],[-43.0746,-6.0574],[-43.0476,-5.9973],[-43.0995,-5.9046],[-43.0749,-5.8677],[-43.0965,-5.8298],[-43.1012,-5.7586],[-43.0758,-5.7311],[-43.098,-5.6248],[-43.082,-5.5995],[-43.0332,-5.5921],[-42.9654,-5.4492],[-42.8253,-5.3464],[-42.8116,-5.2897],[-42.8295,-5.2393],[-42.799,-5.1897],[-42.8632,-4.9681],[-42.8539,-4.9373],[-42.9504,-4.7752],[-42.9207,-4.7382],[-42.9524,-4.6798],[-42.873,-4.5817],[-42.8504,-4.4845],[-42.878,-4.4596],[-42.88,-4.4159],[-42.9629,-4.3761],[-42.9864,-4.2205],[-42.9358,-4.1591],[-42.8885,-4.1535],[-42.9015,-4.1189],[-42.8697,-4.1041],[-42.8222,-3.9996],[-42.7299,-3.9163],[-42.6715,-3.7916],[-42.6751,-3.6727],[-42.6118,-3.5871],[-42.5652,-3.5674],[-42.5033,-3.4506],[-42.4847,-3.4473],[-42.4703,-3.4838]]]]}},{"type":"Feature","properties":{"sigla":"CE","nome":"Ceará","regiao":"Nordeste"},"geometry":{"type":"MultiPolygon","coordinates":[[[[-37.8716,-4.3664],[-37.7701,-4.4013],[-37.7165,-4.5118],[-37.5896,-4.6268],[-37.543,-4.6447],[-37.4978,-4.627],[-37.3282,-4.6984],[-37.2527,-4.8314],[-37.6403,-4.9264],[-37.6776,-5.0541],[-37.7251,-5.0706],[-37.765,-5.1396],[-37.79,-5.2109],[-37.7831,-5.2948],[-37.8577,-5.3567],[-37.9016,-5.4998],[-37.99,-5.5558],[-38.0343,-5.6372],[-38.082,-5.6701],[-38.0882,-5.73],[-38.0469,-5.7329],[-38.1144,-5.8223],[-38.1638,-5.9454],[-38.2445,-5.9995],[-38.2592,-6.0538],[-38.3038,-6.0865],[-38.3468,-6.0673],[-38.3662,-6.0883],[-38.383,-6.0523],[-38.4242,-6.0667],[-38.5013,-6.1909],[-38.5272,-6.1934],[-38.5283,-6.2392],[-38.5795,-6.2796],[-38.5625,-6.3557],[-38.6022,-6.3909],[-38.5179,-6.4087],[-38.6123,-6.5132],[-38.6732,-6.6972],[-38.6527,-6.7598],[-38.6137,-6.783],[-38.6754,-6.8618],[-38.7652,-6.9109],[-38.7423,-6.9743],[-38.765,-6.9939],[-38.6698,-7.0477],[-38.6564,-7.0924],[-38.6878,-7.1902],[-38.6248,-7.1913],[-38.6154,-7.2302],[-38.5548,-7.2405],[-38.5348,-7.2905],[-38.5953,-7.4115],[-38.5853,-7.4348],[-38.6463,-7.4627],[-38.6306,-7.484],[-38.6553,-7.5655],[-38.711,-7.5866],[-38.7428,-7.6603],[-38.8197,-7.6648],[-38.8281,-7.7196],[-38.8689,-7.7112],[-38.8814,-7.7474],[-38.9396,-7.7588],[-38.9629,-7.8448],[-39.0014,-7.8401],[-39.0164,-7.8122],[-39.0913,-7.8582],[-39.1003,-7.7757],[-39.1356,-7.7234],[-39.2083,-7.6895],[-39.2526,-7.7049],[-39.2703,-7.6599],[-39.3056,-7.6659],[-39.4197,-7.6044],[-39.4349,-7.5737],[-39.4717,-7.5758],[-39.4852,-7.5344],[-39.4573,-7.5062],[-39.4607,-7.4712],[-39.5484,-7.4831],[-39.5716,-7.4298],[-39.6289,-7.4256],[-39.6531,-7.3723],[-39.7062,-7.3378],[-39.8577,-7.3254],[-40.0875,-7.3831],[-40.1957,-7.3581],[-40.263,-7.301],[-40.3186,-7.3033],[-40.3939,-7.3682],[-40.5237,-7.3185],[-40.4897,-7.1187],[-40.4277,-7.0339],[-40.4387,-7.0165],[-40.4062,-7.0053],[-40.4299,-6.9933],[-40.4302,-6.8678],[-40.3705,-6.8031],[-40.4322,-6.813],[-40.4769,-6.7328],[-40.6022,-6.716],[-40.7315,-6.657],[-40.722,-6.6177],[-40.7921,-6.5129],[-40.8052,-6.3931],[-40.7829,-6.3134],[-40.8522,-6.2242],[-40.8457,-6.135],[-40.8728,-6.0566],[-40.9075,-6.0447],[-40.8736,-5.9668],[-40.9388,-5.6733],[-40.9011,-5.6159],[-40.9365,-5.5264],[-40.9162,-5.4638],[-40.9438,-5.4236],[-40.9115,-5.4074],[-40.9361,-5.366],[-40.9121,-5.3142],[-40.9117,-5.2667],[-40.9422,-5.2405],[-40.922,-5.2265],[-40.9256,-5.1769],[-40.9825,-5.1535],[-41.034,-5.0911],[-41.0538,-5.1032],[-41.097,-5.0531],[-41.132,-5.0486],[-41.1375,-4.985],[-41.2214,-4.9382],[-41.2496,-4.8697],[-41.208,-4.7768],[-41.2503,-4.7566],[-41.1739,-4.6669],[-41.2293,-4.6201],[-41.2212,-4.5789],[-41.2423,-4.5699],[-41.1908,-4.5155],[-41.16,-4.3815],[-41.1202,-4.3306],[-41.1359,-4.2335],[-41.0909,-4.1703],[-41.1431,-4.1242],[-41.1143,-4.0406],[-41.1855,-4.0172],[-41.2567,-4.0348],[-41.2202,-3.9415],[-41.2769,-3.8256],[-41.3008,-3.8263],[-41.2541,-3.775],[-41.2585,-3.7328],[-41.2383,-3.7158],[-41.3417,-3.6808],[-41.3313,-3.6247],[-41.3713,-3.5726],[-41.303,-3.4922],[-41.324,-3.3859],[-41.387,-3.4093],[-41.3991,-3.3636],[-41.4235,-3.368],[-41.3188,-3.1448],[-41.2558,-3.0876],[-41.2481,-3.0259],[-41.2708,-2.9712],[-41.3201,-2.9571],[-41.3227,-2.9212],[-41.2606,-2.8836],[-41.1017,-2.9009],[-40.9058,-2.8589],[-40.8631,-2.8562],[-40.8448,-2.8859],[-40.7604,-2.8488],[-40.6,-2.8485],[-40.498,-2.7843],[-40.4295,-2.8111],[-40.1853,-2.8117],[-40.1438,-2.8402],[-40.1262,-2.8235],[-39.9946,-2.8395],[-39.8851,-2.891],[-39.9187,-2.8684],[-39.719,-2.9983],[-39.6198,-3.026],[-39.5943,-3.068],[-39.4627,-3.1438],[-39.2502,-3.2232],[-39.0742,-3.4014],[-38.9844,-3.4033],[-38.9112,-3.5026],[-38.8123,-3.5421],[-38.7624,-3.6059],[-38.6524,-3.6822],[-38.4959,-3.725],[-38.4825,-3.6987],[-38.4603,-3.7051],[-38.352,-3.8945],[-38.2729,-3.9447],[-38.1149,-4.1491],[-37.8716,-4.3664]]]]}},{"type":"Feature","properties":{"sigla":"RN","nome":"Rio Grande do Norte","regiao":"Nordeste"},"geometry":{"type":"MultiPolygon","coordinates":[[[[-35.1873,-5.7899],[-35.151,-5.9538],[-35.1062,-6.0069],[-35.095,-6.1824],[-35.036,-6.2354],[-35.0272,-6.351],[-34.9908,-6.3719],[-34.9709,-6.4895],[-35.0577,-6.5278],[-35.0981,-6.4978],[-35.1703,-6.5584],[-35.2229,-6.5161],[-35.3308,-6.5443],[-35.4007,-6.4916],[-35.5253,-6.4761],[-35.5617,-6.4926],[-35.6602,-6.4453],[-35.7634,-6.4822],[-35.9776,-6.4889],[-36.0777,-6.4051],[-36.1102,-6.4292],[-36.2498,-6.4374],[-36.2512,-6.4044],[-36.296,-6.3932],[-36.2767,-6.3404],[-36.3035,-6.283],[-36.3576,-6.31],[-36.3946,-6.294],[-36.4303,-6.3623],[-36.4998,-6.3582],[-36.531,-6.4521],[-36.5258,-6.5012],[-36.4444,-6.5583],[-36.4359,-6.6259],[-36.4605,-6.6344],[-36.5245,-6.5997],[-36.5589,-6.7091],[-36.5026,-6.7576],[-36.5069,-6.813],[-36.5698,-6.848],[-36.6098,-6.9368],[-36.6872,-6.926],[-36.7159,-6.9826],[-36.7665,-6.9359],[-36.7305,-6.8354],[-36.7695,-6.8387],[-36.7727,-6.7871],[-36.835,-6.7311],[-36.9571,-6.7905],[-36.9998,-6.7077],[-37.1289,-6.766],[-37.1907,-6.8254],[-37.2232,-6.8254],[-37.2551,-6.8111],[-37.2837,-6.6939],[-37.4847,-6.71],[-37.4662,-6.66],[-37.4824,-6.5477],[-37.3969,-6.5142],[-37.3812,-6.4371],[-37.3972,-6.4051],[-37.3665,-6.3256],[-37.317,-6.2787],[-37.2747,-6.2814],[-37.2515,-6.2265],[-37.1569,-6.1525],[-37.1751,-6.1422],[-37.1739,-6.048],[-37.2319,-6.0276],[-37.3823,-6.0856],[-37.3936,-6.1094],[-37.4457,-6.1122],[-37.4589,-6.145],[-37.5696,-6.1554],[-37.6467,-6.1894],[-37.7424,-6.189],[-37.7756,-6.2313],[-37.7577,-6.2908],[-37.8121,-6.2927],[-37.8415,-6.363],[-37.8882,-6.3644],[-37.8862,-6.397],[-37.9261,-6.4211],[-37.9554,-6.3982],[-38.0137,-6.4274],[-38.0129,-6.4689],[-38.0406,-6.473],[-38.0497,-6.441],[-38.1171,-6.5227],[-38.1479,-6.4915],[-38.2392,-6.4803],[-38.2887,-6.5056],[-38.3307,-6.4589],[-38.3737,-6.4558],[-38.3993,-6.4098],[-38.4862,-6.3988],[-38.4898,-6.3634],[-38.4584,-6.3302],[-38.5054,-6.3565],[-38.5629,-6.3556],[-38.5815,-6.331],[-38.5795,-6.2796],[-38.5283,-6.2392],[-38.5272,-6.1934],[-38.4755,-6.157],[-38.4473,-6.0853],[-38.383,-6.0523],[-38.3662,-6.0883],[-38.3468,-6.0673],[-38.3038,-6.0865],[-38.1249,-5.8876],[-38.1144,-5.8223],[-38.0469,-5.7329],[-38.0882,-5.73],[-38.082,-5.6701],[-38.0343,-5.6372],[-37.99,-5.5558],[-37.9016,-5.4998],[-37.8577,-5.3567],[-37.7831,-5.2948],[-37.79,-5.2109],[-37.765,-5.1396],[-37.7251,-5.0706],[-37.6776,-5.0541],[-37.6403,-4.9264],[-37.2526,-4.8314],[-37.1531,-4.9481],[-37.1053,-4.9223],[-37.0373,-4.9499],[-36.9603,-4.9185],[-36.8781,-4.9507],[-36.797,-5.0388],[-36.6887,-5.0883],[-36.544,-5.0889],[-36.5032,-5.0618],[-36.3088,-5.1024],[-36.1605,-5.0965],[-35.9791,-5.0416],[-35.4895,-5.157],[-35.3955,-5.246],[-35.3511,-5.3625],[-35.3194,-5.3778],[-35.2596,-5.4817],[-35.2162,-5.6764],[-35.1922,-5.7006],[-35.1873,-5.7899]]],[[[-37.0441,-4.8185],[-37.0441,-4.8185]]]]}},{"type":"Feature","properties":{"sigla":"PB","nome":"Paraíba","regiao":"Nordeste"},"geometry":{"type":"MultiPolygon","coordinates":[[[[-34.7958,-7.175],[-34.8039,-7.4711],[-34.8263,-7.5509],[-34.9608,-7.5388],[-34.9854,-7.462],[-35.0705,-7.3988],[-35.2644,-7.3799],[-35.4146,-7.4719],[-35.4504,-7.4534],[-35.4943,-7.4822],[-35.5373,-7.5806],[-35.5152,-7.585],[-35.5328,-7.6548],[-35.6097,-7.6538],[-35.6522,-7.6964],[-35.7001,-7.6919],[-35.7806,-7.7384],[-35.8721,-7.7495],[-35.9044,-7.7922],[-35.97,-7.7895],[-35.9982,-7.8138],[-36.0809,-7.7791],[-36.201,-7.7899],[-36.2166,-7.7641],[-36.2613,-7.8321],[-36.3091,-7.8067],[-36.424,-7.8158],[-36.4441,-7.9153],[-36.5639,-7.901],[-36.5735,-7.9574],[-36.6119,-7.9479],[-36.6279,-8.0557],[-36.6587,-8.0798],[-36.6286,-8.1111],[-36.9912,-8.303],[-37.0433,-8.2646],[-37.0812,-8.2664],[-37.0674,-8.2301],[-37.1004,-8.2337],[-37.1183,-8.1754],[-37.1636,-8.1658],[-37.1426,-8.1179],[-37.1503,-8.0153],[-37.1927,-7.9606],[-37.3574,-7.975],[-37.3499,-7.9466],[-37.309,-7.9342],[-37.3222,-7.9105],[-37.2446,-7.8749],[-37.2472,-7.8468],[-37.2221,-7.8423],[-37.2437,-7.819],[-37.2306,-7.8067],[-37.1572,-7.7906],[-37.1389,-7.7455],[-37.1967,-7.6296],[-37.1215,-7.5361],[-36.9842,-7.4823],[-37.0212,-7.4402],[-37.0256,-7.386],[-37.1653,-7.3366],[-37.2342,-7.2739],[-37.3306,-7.2883],[-37.3724,-7.3506],[-37.496,-7.3648],[-37.487,-7.3951],[-37.5331,-7.473],[-37.7065,-7.5506],[-37.7558,-7.6195],[-37.7506,-7.6629],[-37.7858,-7.6258],[-37.8572,-7.652],[-37.9706,-7.7776],[-38.0396,-7.7481],[-38.0695,-7.7723],[-38.0771,-7.8306],[-38.1642,-7.7799],[-38.2386,-7.8307],[-38.2857,-7.8309],[-38.2998,-7.7632],[-38.3168,-7.7646],[-38.312,-7.7163],[-38.3575,-7.6772],[-38.4095,-7.7305],[-38.455,-7.7176],[-38.5005,-7.7515],[-38.59,-7.7557],[-38.7183,-7.6094],[-38.6553,-7.5655],[-38.6306,-7.484],[-38.6463,-7.4627],[-38.5853,-7.4348],[-38.5953,-7.4115],[-38.5348,-7.2905],[-38.5548,-7.2405],[-38.6154,-7.2302],[-38.6248,-7.1913],[-38.6878,-7.1902],[-38.6564,-7.0924],[-38.6698,-7.0477],[-38.765,-6.9939],[-38.7423,-6.9743],[-38.7652,-6.9109],[-38.6754,-6.8618],[-38.6389,-6.7923],[-38.6169,-6.7933],[-38.6732,-6.6972],[-38.6123,-6.5132],[-38.5179,-6.4087],[-38.6018,-6.3917],[-38.5667,-6.3571],[-38.4584,-6.3302],[-38.4898,-6.3634],[-38.4851,-6.3994],[-38.3993,-6.4098],[-38.3737,-6.4558],[-38.3307,-6.4589],[-38.2887,-6.5056],[-38.2392,-6.4803],[-38.1479,-6.4915],[-38.1171,-6.5227],[-38.0497,-6.441],[-38.0406,-6.473],[-38.0129,-6.4689],[-38.0137,-6.4274],[-37.9554,-6.3982],[-37.9261,-6.4211],[-37.8862,-6.397],[-37.8882,-6.3644],[-37.8415,-6.363],[-37.8121,-6.2927],[-37.7577,-6.2908],[-37.7756,-6.2313],[-37.7424,-6.189],[-37.6467,-6.1894],[-37.5696,-6.1554],[-37.4589,-6.145],[-37.4457,-6.1122],[-37.3936,-6.1094],[-37.2506,-6.0259],[-37.1739,-6.048],[-37.1751,-6.1422],[-37.1569,-6.1525],[-37.2515,-6.2265],[-37.2747,-6.2814],[-37.317,-6.2787],[-37.3665,-6.3256],[-37.3972,-6.4051],[-37.3812,-6.4371],[-37.3969,-6.5142],[-37.4824,-6.5477],[-37.4662,-6.66],[-37.4847,-6.71],[-37.2837,-6.6939],[-37.2551,-6.8111],[-37.2232,-6.8254],[-37.1907,-6.8254],[-37.1289,-6.766],[-36.9998,-6.7077],[-36.9571,-6.7905],[-36.835,-6.7311],[-36.7727,-6.7871],[-36.7695,-6.8387],[-36.7305,-6.8354],[-36.7665,-6.9359],[-36.7159,-6.9826],[-36.6872,-6.926],[-36.6098,-6.9368],[-36.5698,-6.848],[-36.5069,-6.813],[-36.5026,-6.7576],[-36.5589,-6.7091],[-36.5245,-6.5997],[-36.4605,-6.6344],[-36.4359,-6.6259],[-36.4444,-6.5583],[-36.5258,-6.5012],[-36.531,-6.4521],[-36.4998,-6.3582],[-36.4303,-6.3623],[-36.3946,-6.294],[-36.3576,-6.31],[-36.3035,-6.283],[-36.2767,-6.3404],[-36.296,-6.3932],[-36.2512,-6.4044],[-36.2498,-6.4374],[-36.1102,-6.4292],[-36.0777,-6.4051],[-35.9776,-6.4889],[-35.7634,-6.4822],[-35.6602,-6.4453],[-35.5617,-6.4926],[-35.5253,-6.4761],[-35.4007,-6.4916],[-35.3308,-6.5443],[-35.2229,-6.5161],[-35.1703,-6.5584],[-35.0981,-6.4978],[-35.0577,-6.5278],[-34.9716,-6.4852],[-34.9612,-6.6416],[-34.9305,-6.6887],[-34.9405,-6.754],[-34.8972,-6.8687],[-34.8539,-6.9006],[-34.8653,-7.0296],[-34.8349,-7.0049],[-34.8431,-6.9624],[-34.8288,-6.9688],[-34.8423,-7.0574],[-34.7958,-7.175]]],[[[-34.8616,-6.9824],[-34.859,-7.0153],[-34.8616,-6.9824]]],[[[-34.7973,-7.3488],[-34.7973,-7.3488]]],[[[-34.7958,-7.35],[-34.7958,-7.35]]],[[[-34.7979,-7.3628],[-34.7979,-7.3628]]],[[[-34.7988,-7.3607],[-34.7988,-7.3607]]],[[[-34.7988,-7.3625],[-34.7988,-7.3625]]]]}},{"type":"Feature","properties":{"sigla":"PE","nome":"Pernambuco","regiao":"Nordeste"},"geometry":{"type":"MultiPolygon","coordinates":[[[[-35.0482,-8.6094],[-35.1527,-8.9139],[-35.1767,-8.8888],[-35.4558,-8.841],[-35.4701,-8.8131],[-35.5387,-8.8202],[-35.6321,-8.8813],[-35.7484,-8.9172],[-35.783,-8.8975],[-35.776,-8.8585],[-35.7951,-8.8477],[-35.8425,-8.8729],[-35.8962,-8.8543],[-35.9635,-8.9024],[-36.0573,-8.913],[-36.1243,-8.9536],[-36.1115,-9.0177],[-36.1957,-9.0448],[-36.2365,-9.1035],[-36.2684,-9.1039],[-36.2624,-9.1713],[-36.3098,-9.1724],[-36.3536,-9.2201],[-36.4198,-9.2296],[-36.437,-9.2121],[-36.4913,-9.2624],[-36.5718,-9.2926],[-36.5675,-9.3321],[-36.605,-9.3415],[-36.7618,-9.2715],[-36.836,-9.2886],[-36.8713,-9.2681],[-36.9158,-9.299],[-36.9465,-9.383],[-37.0243,-9.3157],[-37.0576,-9.3175],[-37.0572,-9.2818],[-37.0907,-9.2464],[-37.1643,-9.2757],[-37.1589,-9.2391],[-37.1983,-9.2155],[-37.2343,-9.2402],[-37.2471,-9.179],[-37.411,-9.0093],[-37.4932,-8.9934],[-37.5311,-8.96],[-37.5971,-8.9691],[-37.6377,-9.0038],[-37.6979,-8.9911],[-37.6719,-8.9745],[-37.7554,-8.8464],[-37.8246,-8.886],[-37.8391,-8.9784],[-37.9786,-9.1477],[-38.0923,-9.1727],[-38.1439,-9.2182],[-38.1736,-9.2851],[-38.2376,-9.3298],[-38.3213,-9.1299],[-38.3044,-9.0982],[-38.3259,-9.078],[-38.29,-9.0472],[-38.2964,-9.0229],[-38.3235,-8.99],[-38.4085,-9.0385],[-38.484,-9.001],[-38.5199,-8.9435],[-38.4733,-8.8895],[-38.4808,-8.8493],[-38.5704,-8.8304],[-38.6038,-8.8806],[-38.6103,-8.9573],[-38.6537,-8.9839],[-38.6892,-8.9474],[-38.7065,-8.8623],[-38.797,-8.7935],[-38.9519,-8.8047],[-39.0376,-8.7347],[-39.1687,-8.6915],[-39.2285,-8.7103],[-39.2841,-8.5659],[-39.3864,-8.5335],[-39.5952,-8.6512],[-39.6911,-8.6623],[-39.6717,-8.7776],[-39.6932,-8.7987],[-39.893,-8.8288],[-39.9029,-8.8587],[-39.8735,-8.934],[-39.958,-9.0486],[-40.0656,-9.0631],[-40.1299,-9.1103],[-40.2236,-9.0567],[-40.2558,-9.0632],[-40.2867,-9.1174],[-40.3389,-9.3599],[-40.3714,-9.3787],[-40.4237,-9.3535],[-40.4678,-9.4206],[-40.5291,-9.4139],[-40.5558,-9.4579],[-40.6232,-9.4829],[-40.7222,-9.4459],[-40.7768,-9.4545],[-40.7427,-9.4007],[-40.7373,-9.3369],[-40.7564,-9.315],[-40.686,-9.2764],[-40.6945,-9.2335],[-40.6674,-9.1591],[-40.8201,-9.0813],[-40.8516,-8.9525],[-40.9192,-8.8372],[-40.9791,-8.8234],[-41.0212,-8.8436],[-41.0362,-8.7859],[-41.1018,-8.782],[-41.1246,-8.7527],[-41.1128,-8.704],[-41.227,-8.7047],[-41.2815,-8.7361],[-41.3583,-8.7076],[-41.2135,-8.6442],[-41.2123,-8.6018],[-41.1687,-8.5831],[-41.1484,-8.533],[-41.0956,-8.5185],[-41.0789,-8.4725],[-41.0511,-8.4805],[-41.0437,-8.4367],[-41.0007,-8.4007],[-40.9251,-8.4463],[-40.8935,-8.3573],[-40.8366,-8.3808],[-40.8195,-8.3219],[-40.7799,-8.3019],[-40.7825,-8.2533],[-40.7073,-8.2235],[-40.634,-8.1394],[-40.5897,-8.1388],[-40.6031,-8.0953],[-40.5442,-7.9646],[-40.5381,-7.8569],[-40.5591,-7.8148],[-40.6736,-7.7617],[-40.622,-7.6514],[-40.7132,-7.473],[-40.5485,-7.3927],[-40.5237,-7.3185],[-40.3939,-7.3682],[-40.2839,-7.2992],[-40.1278,-7.3819],[-40.0007,-7.3745],[-39.8577,-7.3254],[-39.7062,-7.3378],[-39.6531,-7.3723],[-39.6289,-7.4256],[-39.5716,-7.4298],[-39.5484,-7.4831],[-39.4607,-7.4712],[-39.4573,-7.5062],[-39.4852,-7.5344],[-39.4717,-7.5758],[-39.4349,-7.5737],[-39.4197,-7.6044],[-39.3056,-7.6659],[-39.2703,-7.6599],[-39.2526,-7.7049],[-39.2083,-7.6895],[-39.1356,-7.7234],[-39.1003,-7.7757],[-39.0913,-7.8582],[-39.0164,-7.8122],[-39.0014,-7.8401],[-38.9629,-7.8448],[-38.9396,-7.7588],[-38.8814,-7.7474],[-38.8689,-7.7112],[-38.8281,-7.7196],[-38.8197,-7.6648],[-38.7428,-7.6603],[-38.7151,-7.6219],[-38.6421,-7.6776],[-38.59,-7.7557],[-38.5005,-7.7515],[-38.455,-7.7176],[-38.4095,-7.7305],[-38.3575,-7.6772],[-38.312,-7.7163],[-38.3168,-7.7646],[-38.2998,-7.7632],[-38.2857,-7.8309],[-38.2386,-7.8307],[-38.1642,-7.7799],[-38.0771,-7.8306],[-38.0695,-7.7723],[-38.0396,-7.7481],[-37.9706,-7.7776],[-37.8572,-7.652],[-37.7858,-7.6258],[-37.7506,-7.6629],[-37.7558,-7.6195],[-37.7065,-7.5506],[-37.5331,-7.473],[-37.487,-7.3951],[-37.496,-7.3648],[-37.3857,-7.3567],[-37.3495,-7.337],[-37.3306,-7.2883],[-37.2342,-7.2739],[-37.1653,-7.3366],[-37.0256,-7.386],[-37.0212,-7.4402],[-36.9842,-7.4823],[-37.0875,-7.5183],[-37.1636,-7.5747],[-37.1979,-7.6353],[-37.14,-7.7419],[-37.152,-7.7798],[-37.2437,-7.819],[-37.2221,-7.8423],[-37.2472,-7.8468],[-37.2446,-7.8749],[-37.3222,-7.9105],[-37.309,-7.9342],[-37.3499,-7.9466],[-37.3574,-7.975],[-37.1927,-7.9606],[-37.1503,-8.0153],[-37.1426,-8.1179],[-37.1636,-8.1658],[-37.1183,-8.1754],[-37.1004,-8.2337],[-37.0674,-8.2301],[-37.0812,-8.2664],[-37.0433,-8.2646],[-36.9912,-8.303],[-36.6286,-8.1111],[-36.6587,-8.0798],[-36.6279,-8.0557],[-36.6119,-7.9479],[-36.5735,-7.9574],[-36.5639,-7.901],[-36.4441,-7.9153],[-36.424,-7.8158],[-36.3091,-7.8067],[-36.2613,-7.8321],[-36.2166,-7.7641],[-36.201,-7.7899],[-36.0809,-7.7791],[-35.9982,-7.8138],[-35.97,-7.7895],[-35.9044,-7.7922],[-35.8721,-7.7495],[-35.7806,-7.7384],[-35.7001,-7.6919],[-35.6522,-7.6964],[-35.6097,-7.6538],[-35.5156,-7.6441],[-35.5317,-7.6217],[-35.5152,-7.585],[-35.5373,-7.5806],[-35.4943,-7.4822],[-35.4504,-7.4534],[-35.4146,-7.4719],[-35.3511,-7.4403],[-35.335,-7.4068],[-35.2486,-7.3748],[-35.1907,-7.3979],[-35.0705,-7.3988],[-34.9854,-7.462],[-34.9608,-7.5388],[-34.8359,-7.5457],[-34.8067,-7.6204],[-34.8482,-7.6878],[-34.8235,-7.7356],[-34.8451,-7.8164],[-34.8234,-7.9464],[-34.9449,-8.2624],[-34.9397,-8.3517],[-34.9806,-8.3811],[-34.9581,-8.3962],[-35.0068,-8.562],[-35.0482,-8.6094]]],[[[-34.8377,-7.8164],[-34.8377,-7.8164]]],[[[-32.4384,-3.8721],[-32.4384,-3.8721]]],[[[-32.4189,-3.8707],[-32.4189,-3.8707]]],[[[-32.4215,-3.8714],[-32.4215,-3.8714]]],[[[-32.4313,-3.8455],[-32.3945,-3.8268],[-32.3912,-3.8517],[-32.4249,-3.8775],[-32.4761,-3.8756],[-32.4313,-3.8455]]],[[[-32.4415,-3.8488],[-32.4415,-3.8488]]],[[[-32.4419,-3.8492],[-32.4419,-3.8492]]],[[[-32.4038,-3.8282],[-32.4038,-3.8282]]],[[[-32.3924,-3.8237],[-32.3924,-3.8237]]],[[[-32.3789,-3.8071],[-32.3948,-3.8124],[-32.3789,-3.8071]]],[[[-32.3912,-3.8175],[-32.3912,-3.8175]]],[[[-32.414,-3.868],[-32.414,-3.868]]],[[[-32.4119,-3.8689],[-32.4119,-3.8689]]],[[[-32.4008,-3.8609],[-32.4008,-3.8609]]],[[[-32.4339,-3.874],[-32.4339,-3.874]]],[[[-35.023,-8.609],[-35.023,-8.609]]],[[[-34.9568,-8.3788],[-34.9568,-8.3788]]]]}},{"type":"Feature","properties":{"sigla":"AL","nome":"Alagoas","regiao":"Nordeste"},"geometry":{"type":"MultiPolygon","coordinates":[[[[-35.287,-9.1449],[-35.3557,-9.2574],[-35.4634,-9.3474],[-35.5128,-9.4395],[-35.6769,-9.6004],[-35.6961,-9.6662],[-35.8059,-9.7159],[-36.0457,-10.0751],[-36.279,-10.2838],[-36.2936,-10.3551],[-36.3907,-10.5004],[-36.4599,-10.4095],[-36.5085,-10.4319],[-36.5602,-10.4187],[-36.5718,-10.3161],[-36.6226,-10.2553],[-36.7212,-10.2646],[-36.7518,-10.2265],[-36.8263,-10.2112],[-36.8699,-10.1471],[-36.9122,-10.1382],[-36.9682,-9.9869],[-37.0624,-9.9825],[-37.1625,-9.8938],[-37.2411,-9.8954],[-37.2852,-9.8306],[-37.4099,-9.7626],[-37.5777,-9.7368],[-37.7095,-9.6303],[-37.7861,-9.6389],[-37.8925,-9.5398],[-37.9893,-9.5274],[-38.0222,-9.47],[-38.2048,-9.4187],[-38.1945,-9.3849],[-38.2376,-9.3298],[-38.1736,-9.2851],[-38.1439,-9.2182],[-38.0923,-9.1727],[-37.9786,-9.1477],[-37.8391,-8.9784],[-37.8246,-8.886],[-37.7554,-8.8464],[-37.6719,-8.9745],[-37.6979,-8.9911],[-37.6377,-9.0038],[-37.5971,-8.9691],[-37.5311,-8.96],[-37.4932,-8.9934],[-37.411,-9.0093],[-37.2471,-9.179],[-37.2343,-9.2402],[-37.1983,-9.2155],[-37.1589,-9.2391],[-37.1643,-9.2757],[-37.0907,-9.2464],[-37.0572,-9.2818],[-37.0576,-9.3175],[-37.0243,-9.3157],[-36.9524,-9.3825],[-36.9311,-9.3716],[-36.9158,-9.299],[-36.8713,-9.2681],[-36.836,-9.2886],[-36.7618,-9.2715],[-36.605,-9.3415],[-36.5675,-9.3321],[-36.5718,-9.2926],[-36.4913,-9.2624],[-36.437,-9.2121],[-36.4198,-9.2296],[-36.3536,-9.2201],[-36.3098,-9.1724],[-36.2624,-9.1713],[-36.2684,-9.1039],[-36.2365,-9.1035],[-36.1957,-9.0448],[-36.1115,-9.0177],[-36.1243,-8.9536],[-36.0573,-8.913],[-35.9635,-8.9024],[-35.8962,-8.8543],[-35.8425,-8.8729],[-35.7951,-8.8477],[-35.776,-8.8585],[-35.783,-8.8975],[-35.7484,-8.9172],[-35.6321,-8.8813],[-35.5387,-8.8202],[-35.4701,-8.8131],[-35.4558,-8.841],[-35.1712,-8.8906],[-35.152,-8.9157],[-35.287,-9.1449]]],[[[-37.288,-9.4818],[-37.288,-9.4818]]],[[[-37.3209,-9.5064],[-37.3209,-9.5064]]],[[[-37.3087,-9.5069],[-37.3087,-9.5069]]],[[[-37.3131,-9.5065],[-37.3131,-9.5065]]],[[[-37.3256,-9.5046],[-37.3256,-9.5046]]],[[[-37.3254,-9.5016],[-37.3254,-9.5016]]],[[[-37.3254,-9.502],[-37.3254,-9.502]]],[[[-37.3254,-9.502],[-37.3254,-9.502]]],[[[-37.3061,-9.4973],[-37.3061,-9.4973]]],[[[-37.3063,-9.4972],[-37.3063,-9.4972]]],[[[-37.3304,-9.4917],[-37.3304,-9.4917]]],[[[-37.3349,-9.4836],[-37.3349,-9.4836]]],[[[-37.3388,-9.4833],[-37.3127,-9.4711],[-37.3388,-9.4833]]],[[[-35.7579,-9.6928],[-35.7579,-9.6928]]]]}},{"type":"Feature","properties":{"sigla":"SE","nome":"Sergipe","regiao":"Nordeste"},"geometry":{"type":"MultiPolygon","coordinates":[[[[-37.012,-10.9278],[-37.1661,-11.1825],[-37.2665,-11.2994],[-37.3139,-11.4254],[-37.4555,-11.5231],[-37.5786,-11.5522],[-37.5815,-11.5306],[-37.6503,-11.5164],[-37.69,-11.5667],[-37.7025,-11.5402],[-37.7268,-11.5536],[-37.8123,-11.517],[-37.8086,-11.4962],[-37.8642,-11.4669],[-37.8481,-11.443],[-37.8803,-11.4332],[-37.8661,-11.4271],[-37.8989,-11.4384],[-37.9054,-11.4081],[-37.9277,-11.4014],[-37.9432,-11.4246],[-37.9528,-11.3945],[-37.9778,-11.3927],[-38.0148,-11.2857],[-37.9867,-11.2721],[-37.9737,-11.1937],[-38.0572,-11.1721],[-38.0656,-11.123],[-38.0933,-11.104],[-38.0751,-11.0771],[-38.102,-11.0159],[-38.17,-10.989],[-38.1806,-10.9428],[-38.2273,-10.916],[-38.245,-10.8226],[-38.2027,-10.7095],[-38.1328,-10.7209],[-38.0417,-10.7007],[-38.032,-10.7271],[-37.9663,-10.7581],[-37.8328,-10.6805],[-37.8089,-10.6879],[-37.8063,-10.6005],[-37.8412,-10.5548],[-37.8126,-10.5072],[-37.8596,-10.4271],[-37.839,-10.3788],[-37.7433,-10.3384],[-37.7687,-10.2892],[-37.7504,-10.2895],[-37.7657,-10.2519],[-37.7471,-10.2381],[-37.802,-10.1124],[-37.7826,-10.0436],[-37.826,-10.0366],[-37.9128,-9.9371],[-37.9076,-9.9109],[-37.9554,-9.943],[-38.0035,-9.9055],[-38.0,-9.8143],[-38.045,-9.6975],[-38.009,-9.6491],[-38.0556,-9.6322],[-38.0617,-9.5909],[-38.027,-9.5739],[-38.0033,-9.515],[-37.8925,-9.5398],[-37.7856,-9.6392],[-37.7095,-9.6303],[-37.5777,-9.7368],[-37.3491,-9.7898],[-37.2619,-9.8491],[-37.2426,-9.8945],[-37.1625,-9.8938],[-37.0624,-9.9825],[-36.9682,-9.9869],[-36.9457,-10.0874],[-36.8298,-10.2084],[-36.7518,-10.2265],[-36.7016,-10.2704],[-36.6245,-10.2542],[-36.5718,-10.3161],[-36.5592,-10.4196],[-36.5085,-10.4319],[-36.4631,-10.4085],[-36.4276,-10.4335],[-36.3959,-10.4969],[-36.4088,-10.5127],[-36.5848,-10.5725],[-36.7876,-10.6904],[-37.012,-10.9278]]],[[[-36.9166,-10.8428],[-36.9166,-10.8428]]]]}},{"type":"Feature","properties":{"sigla":"BA","nome":"Bahia","regiao":"Nordeste"},"geometry":{"type":"MultiPolygon","coordinates":[[[[-39.2645,-8.6141],[-39.2285,-8.7103],[-39.1687,-8.6915],[-39.0376,-8.7347],[-38.9519,-8.8047],[-38.797,-8.7935],[-38.7065,-8.8623],[-38.6901,-8.9453],[-38.6576,-8.9825],[-38.6241,-8.98],[-38.6038,-8.8806],[-38.5411,-8.8235],[-38.4698,-8.8642],[-38.5199,-8.9435],[-38.484,-9.001],[-38.4085,-9.0385],[-38.3235,-8.99],[-38.2964,-9.0229],[-38.29,-9.0472],[-38.3259,-9.078],[-38.3044,-9.0982],[-38.3195,-9.1382],[-38.1945,-9.3849],[-38.2048,-9.4187],[-38.1549,-9.4434],[-38.0778,-9.4411],[-37.9979,-9.4993],[-38.0196,-9.5636],[-38.0617,-9.5909],[-38.0556,-9.6322],[-38.009,-9.6491],[-38.045,-9.6975],[-38.0,-9.8143],[-38.0035,-9.9055],[-37.9554,-9.943],[-37.9076,-9.9109],[-37.9128,-9.9371],[-37.826,-10.0366],[-37.7826,-10.0436],[-37.802,-10.1124],[-37.7471,-10.2381],[-37.7657,-10.2519],[-37.7504,-10.2895],[-37.7687,-10.2892],[-37.7433,-10.3384],[-37.839,-10.3788],[-37.8596,-10.4271],[-37.8126,-10.5072],[-37.8412,-10.5548],[-37.8063,-10.6005],[-37.8086,-10.6876],[-37.8328,-10.6805],[-37.9663,-10.7581],[-38.032,-10.7271],[-38.0417,-10.7007],[-38.2092,-10.7119],[-38.245,-10.8226],[-38.2282,-10.9142],[-38.1806,-10.9428],[-38.17,-10.989],[-38.102,-11.0159],[-38.0751,-11.0771],[-38.0933,-11.104],[-38.0656,-11.123],[-38.0572,-11.1721],[-37.9737,-11.1937],[-37.9867,-11.2721],[-38.0148,-11.2857],[-37.9778,-11.3927],[-37.9528,-11.3945],[-37.9432,-11.4246],[-37.9277,-11.4014],[-37.9054,-11.4081],[-37.8989,-11.4384],[-37.8661,-11.4271],[-37.8803,-11.4332],[-37.8481,-11.443],[-37.8642,-11.4669],[-37.8086,-11.4962],[-37.8123,-11.517],[-37.7268,-11.5536],[-37.7025,-11.5402],[-37.676,-11.5685],[-37.6503,-11.5164],[-37.5815,-11.5306],[-37.5786,-11.5522],[-37.5201,-11.5493],[-37.3411,-11.4423],[-37.6908,-12.1083],[-38.0468,-12.6346],[-38.3427,-12.9508],[-38.4687,-13.0149],[-38.6433,-13.0153],[-38.7623,-13.1189],[-38.9292,-13.2184],[-38.9578,-13.2676],[-38.9558,-13.3797],[-38.9462,-13.3989],[-38.9093,-13.3791],[-38.8915,-13.452],[-38.9335,-13.5554],[-38.8915,-13.6528],[-38.9139,-13.6756],[-38.9287,-13.6575],[-38.9715,-13.6721],[-38.9977,-13.7476],[-38.9952,-13.802],[-38.9363,-13.8867],[-38.9277,-13.9398],[-38.9899,-14.1993],[-38.9799,-14.2937],[-39.065,-14.7085],[-39.0551,-14.7766],[-39.0274,-14.783],[-38.9976,-14.9867],[-38.9931,-15.2942],[-38.9349,-15.6654],[-38.8528,-15.8494],[-38.952,-16.097],[-38.9481,-16.1557],[-39.0111,-16.2458],[-39.0088,-16.3749],[-39.0617,-16.4341],[-39.104,-16.699],[-39.1416,-16.7615],[-39.142,-16.8684],[-39.1066,-16.8968],[-39.1515,-16.9422],[-39.182,-17.1124],[-39.2121,-17.1613],[-39.2211,-17.3018],[-39.1918,-17.4443],[-39.1939,-17.5824],[-39.1358,-17.6903],[-39.2081,-17.7473],[-39.2711,-17.8664],[-39.3644,-17.8908],[-39.4808,-17.9849],[-39.6271,-18.2161],[-39.6702,-18.3486],[-39.6742,-18.3247],[-40.2224,-17.9804],[-40.2635,-17.922],[-40.1741,-17.8516],[-40.2181,-17.7957],[-40.2208,-17.7372],[-40.2804,-17.7228],[-40.3467,-17.612],[-40.3547,-17.6443],[-40.372,-17.6125],[-40.4145,-17.6101],[-40.4107,-17.5682],[-40.4604,-17.5685],[-40.5206,-17.4448],[-40.6235,-17.406],[-40.5987,-17.3896],[-40.609,-17.327],[-40.5478,-17.2837],[-40.5722,-17.2514],[-40.5524,-17.1992],[-40.5777,-17.168],[-40.5566,-17.0968],[-40.5714,-17.0639],[-40.4912,-16.8845],[-40.4157,-16.8995],[-40.3665,-16.8742],[-40.3315,-16.908],[-40.2816,-16.9012],[-40.2469,-16.8457],[-40.2578,-16.8065],[-40.3455,-16.7873],[-40.3102,-16.7362],[-40.2835,-16.5874],[-40.2341,-16.5579],[-40.1579,-16.5795],[-40.1708,-16.5236],[-40.0987,-16.4212],[-40.0692,-16.4607],[-39.9911,-16.3127],[-39.9667,-16.3272],[-39.9167,-16.2838],[-39.9365,-16.2458],[-39.8834,-16.1947],[-39.897,-16.1416],[-39.8573,-16.1157],[-39.9357,-16.0237],[-39.9148,-16.0],[-40.0044,-16.0018],[-40.0662,-15.9602],[-40.085,-15.8971],[-40.1707,-15.9075],[-40.1661,-15.8684],[-40.2001,-15.8625],[-40.2311,-15.8038],[-40.3769,-15.8235],[-40.425,-15.8057],[-40.4614,-15.7532],[-40.5625,-15.8033],[-40.6066,-15.7368],[-40.6294,-15.7157],[-40.6449,-15.7289],[-40.7006,-15.6673],[-40.7677,-15.7141],[-40.8221,-15.646],[-40.842,-15.6832],[-40.8816,-15.6945],[-40.9631,-15.6484],[-41.0061,-15.7138],[-41.0776,-15.7193],[-41.1425,-15.772],[-41.2154,-15.7372],[-41.3312,-15.7447],[-41.3564,-15.5003],[-41.8007,-15.1011],[-41.8704,-15.1152],[-41.9325,-15.1745],[-41.9975,-15.1589],[-42.0916,-15.1866],[-42.1733,-15.086],[-42.2648,-15.1252],[-42.3335,-15.0791],[-42.3549,-15.0982],[-42.3745,-15.0713],[-42.4409,-15.0624],[-42.4368,-15.0227],[-42.4759,-15.017],[-42.599,-14.9241],[-42.6265,-14.9451],[-42.7234,-14.8856],[-42.9271,-14.7441],[-42.9389,-14.708],[-43.0664,-14.6806],[-43.0839,-14.6983],[-43.1763,-14.6505],[-43.3112,-14.6697],[-43.4349,-14.723],[-43.4813,-14.7679],[-43.4697,-14.7873],[-43.5298,-14.8159],[-43.5806,-14.7508],[-43.7199,-14.7295],[-43.7233,-14.6995],[-43.8835,-14.6532],[-43.8739,-14.5206],[-43.784,-14.3372],[-43.892,-14.2933],[-43.9421,-14.3051],[-43.9976,-14.2654],[-44.0346,-14.289],[-44.1126,-14.2587],[-44.1356,-14.2822],[-44.2153,-14.2332],[-44.2475,-14.2601],[-44.3178,-14.2407],[-44.4872,-14.3285],[-44.5656,-14.3401],[-44.6589,-14.3958],[-44.668,-14.4239],[-44.6884,-14.4167],[-44.7013,-14.4498],[-44.8332,-14.4998],[-44.8244,-14.5394],[-44.8588,-14.5715],[-44.8434,-14.5808],[-45.0395,-14.6799],[-45.0828,-14.7488],[-45.2056,-14.7447],[-45.2857,-14.8325],[-45.3164,-14.8314],[-45.456,-14.9543],[-45.5643,-14.9436],[-45.7222,-15.1128],[-45.8254,-15.1164],[-45.8712,-15.1588],[-45.9537,-15.1395],[-45.9845,-15.196],[-46.0295,-15.2018],[-46.0526,-15.2592],[-46.0771,-15.2647],[-46.1207,-15.1952],[-46.0504,-15.1677],[-46.0437,-15.1181],[-45.9755,-15.0389],[-45.9663,-14.9771],[-46.0394,-14.8753],[-46.0412,-14.8265],[-45.9988,-14.7708],[-46.0055,-14.689],[-46.028,-14.681],[-45.9895,-14.6588],[-45.9753,-14.5389],[-46.019,-14.4721],[-46.0102,-14.4257],[-45.9758,-14.4342],[-45.9326,-14.4099],[-45.9072,-14.3552],[-45.9422,-14.3433],[-45.9954,-14.2562],[-46.0529,-14.2448],[-46.061,-14.1955],[-46.1019,-14.2083],[-46.1181,-14.1599],[-46.186,-14.1556],[-46.2244,-14.105],[-46.2201,-13.9754],[-46.2642,-13.9474],[-46.2621,-13.8893],[-46.2325,-13.8486],[-46.2736,-13.8288],[-46.2815,-13.7951],[-46.2229,-13.7654],[-46.2629,-13.7348],[-46.2356,-13.7099],[-46.2636,-13.6914],[-46.1627,-13.6036],[-46.1873,-13.5754],[-46.2475,-13.5787],[-46.2371,-13.4872],[-46.209,-13.4656],[-46.2495,-13.4313],[-46.1355,-13.3755],[-46.0683,-13.2954],[-46.1032,-13.2575],[-46.2925,-13.3169],[-46.3179,-13.3052],[-46.2999,-13.2577],[-46.3291,-13.2485],[-46.2952,-13.1419],[-46.3358,-13.0977],[-46.2755,-13.0202],[-46.1247,-12.9598],[-46.1046,-12.9249],[-46.1266,-12.9124],[-46.2056,-12.9507],[-46.2654,-12.9388],[-46.3301,-12.9579],[-46.2735,-12.8316],[-46.3121,-12.7982],[-46.2681,-12.7162],[-46.3041,-12.7149],[-46.3057,-12.6885],[-46.2639,-12.6583],[-46.3104,-12.6427],[-46.2758,-12.5944],[-46.3076,-12.5767],[-46.1982,-12.504],[-46.2726,-12.5146],[-46.261,-12.4739],[-46.2821,-12.416],[-46.2853,-12.4322],[-46.305,-12.4169],[-46.3155,-12.4634],[-46.3405,-12.4523],[-46.3404,-12.4144],[-46.2899,-12.3767],[-46.3774,-12.3528],[-46.3445,-12.3028],[-46.3848,-12.2967],[-46.3696,-12.2675],[-46.388,-12.2446],[-46.365,-12.217],[-46.4102,-12.1986],[-46.3811,-12.1811],[-46.4065,-12.157],[-46.3715,-12.1232],[-46.3712,-12.0997],[-46.3986,-12.0914],[-46.3844,-12.0518],[-46.4798,-12.0474],[-46.4083,-12.0096],[-46.4002,-12.0248],[-46.3155,-11.942],[-46.2331,-11.9365],[-46.18,-11.9071],[-46.2822,-11.9182],[-46.3707,-11.8896],[-46.3811,-11.8377],[-46.3506,-11.8374],[-46.3587,-11.8125],[-46.3379,-11.8141],[-46.3485,-11.7858],[-46.328,-11.7714],[-46.3609,-11.779],[-46.3437,-11.7601],[-46.3751,-11.7686],[-46.3785,-11.7485],[-46.3367,-11.7396],[-46.3077,-11.6864],[-46.3385,-11.6719],[-46.3402,-11.6396],[-46.3957,-11.6425],[-46.3849,-11.6252],[-46.3256,-11.5996],[-46.2443,-11.6052],[-46.2247,-11.6397],[-46.1572,-11.6515],[-46.1445,-11.6243],[-46.0809,-11.624],[-46.2093,-11.5854],[-46.2505,-11.5367],[-46.3481,-11.5066],[-46.4404,-11.5208],[-46.5241,-11.4636],[-46.532,-11.3747],[-46.5773,-11.3599],[-46.5522,-11.2628],[-46.3416,-10.939],[-46.2673,-10.9348],[-46.2605,-10.812],[-46.2264,-10.7829],[-46.2062,-10.8005],[-46.1959,-10.7452],[-46.1503,-10.6916],[-46.1497,-10.6359],[-45.8709,-10.5033],[-45.8213,-10.4581],[-45.7982,-10.3232],[-45.7269,-10.3125],[-45.6996,-10.2597],[-45.702,-10.1794],[-45.7235,-10.1554],[-45.6032,-10.108],[-45.5675,-10.1395],[-45.5673,-10.2015],[-45.5262,-10.2369],[-45.5211,-10.2803],[-45.4303,-10.3595],[-45.4245,-10.4265],[-45.396,-10.445],[-45.4473,-10.5074],[-45.4324,-10.6306],[-45.3852,-10.6516],[-45.3582,-10.7322],[-45.2685,-10.7762],[-45.2481,-10.822],[-45.0732,-10.8404],[-44.9312,-10.9288],[-44.8597,-10.8832],[-44.8443,-10.9],[-44.7461,-10.7776],[-44.6677,-10.7601],[-44.6666,-10.6823],[-44.6185,-10.6711],[-44.5849,-10.6294],[-44.5005,-10.6497],[-44.4563,-10.6081],[-44.3981,-10.6059],[-44.3368,-10.5485],[-44.264,-10.6247],[-44.1344,-10.6371],[-44.0721,-10.5799],[-44.0258,-10.4755],[-44.0278,-10.4125],[-43.9183,-10.429],[-43.9148,-10.3842],[-43.8383,-10.3046],[-43.8373,-10.2501],[-43.7791,-10.1805],[-43.766,-10.0801],[-43.6929,-10.0774],[-43.6621,-10.0095],[-43.703,-9.9661],[-43.6905,-9.9295],[-43.709,-9.9132],[-43.6532,-9.8391],[-43.7849,-9.7624],[-43.7973,-9.6965],[-43.842,-9.6374],[-43.8505,-9.5497],[-43.7783,-9.4487],[-43.6858,-9.4178],[-43.4855,-9.2653],[-43.4278,-9.2726],[-43.3613,-9.3644],[-43.2788,-9.4246],[-43.2143,-9.3996],[-43.1917,-9.4204],[-43.1586,-9.377],[-43.1196,-9.3719],[-43.0607,-9.3954],[-43.0569,-9.4191],[-42.9734,-9.4071],[-42.9462,-9.5184],[-42.904,-9.5268],[-42.8733,-9.5639],[-42.8371,-9.5504],[-42.8206,-9.6192],[-42.77,-9.6192],[-42.7169,-9.5563],[-42.7199,-9.5307],[-42.6217,-9.5413],[-42.5886,-9.4974],[-42.4931,-9.4949],[-42.4891,-9.462],[-42.4406,-9.4562],[-42.423,-9.4137],[-42.3595,-9.3776],[-42.3161,-9.3166],[-42.0247,-9.2498],[-41.9179,-9.2785],[-41.8705,-9.2374],[-41.838,-9.2423],[-41.8001,-9.148],[-41.7352,-9.0947],[-41.7265,-9.0164],[-41.6805,-9.0123],[-41.6058,-8.9574],[-41.5445,-8.9605],[-41.5027,-8.8641],[-41.4243,-8.8026],[-41.3813,-8.7073],[-41.2815,-8.7361],[-41.227,-8.7047],[-41.1137,-8.7038],[-41.1246,-8.7527],[-41.1018,-8.782],[-41.0362,-8.7859],[-41.0212,-8.8436],[-40.9791,-8.8234],[-40.9192,-8.8372],[-40.8516,-8.9525],[-40.8089,-9.0937],[-40.6674,-9.1591],[-40.6945,-9.2335],[-40.686,-9.2764],[-40.7564,-9.315],[-40.7373,-9.3369],[-40.7427,-9.4007],[-40.7768,-9.4545],[-40.7222,-9.4459],[-40.6207,-9.4825],[-40.5558,-9.4579],[-40.5291,-9.4139],[-40.4678,-9.4206],[-40.4237,-9.3535],[-40.3714,-9.3787],[-40.3389,-9.3599],[-40.2867,-9.1174],[-40.2479,-9.0577],[-40.1299,-9.1103],[-40.0656,-9.0631],[-39.958,-9.0486],[-39.8735,-8.934],[-39.9029,-8.8587],[-39.893,-8.8288],[-39.6746,-8.7872],[-39.6911,-8.6623],[-39.5952,-8.6512],[-39.3864,-8.5335],[-39.2864,-8.5638],[-39.2645,-8.6141]]],[[[-39.2083,-17.9683],[-39.2083,-17.9683]]],[[[-39.1763,-17.7401],[-39.2016,-17.7555],[-39.1763,-17.7401]]],[[[-38.9556,-16.2263],[-38.9556,-16.2263]]],[[[-38.9193,-16.1792],[-38.9193,-16.1792]]],[[[-38.923,-16.0313],[-38.923,-16.0313]]],[[[-38.7072,-17.9697],[-38.7072,-17.9697]]],[[[-38.7079,-17.9672],[-38.7079,-17.9672]]],[[[-38.7012,-17.9792],[-38.7012,-17.9792]]],[[[-38.6962,-17.979],[-38.6962,-17.979]]],[[[-38.6998,-17.9612],[-38.6998,-17.9612]]],[[[-38.6923,-17.9612],[-38.6923,-17.9612]]],[[[-38.9981,-14.9786],[-38.9981,-14.9786]]],[[[-38.9638,-13.6755],[-38.9638,-13.6755]]],[[[-38.9462,-13.3864],[-38.9462,-13.3864]]],[[[-38.9405,-13.8356],[-38.9405,-13.8356]]],[[[-38.9038,-13.3795],[-38.9038,-13.3795]]],[[[-39.0152,-14.7898],[-39.0152,-14.7898]]],[[[-39.0155,-14.7716],[-39.0155,-14.7716]]],[[[-39.0157,-14.7703],[-39.0157,-14.7703]]],[[[-39.0172,-14.7688],[-39.0172,-14.7688]]]]}},{"type":"Feature","properties":{"sigla":"MG","nome":"Minas Gerais","regiao":"Sudeste"},"geometry":{"type":"MultiPolygon","coordinates":[[[[-42.5115,-14.9863],[-42.4368,-15.0227],[-42.4429,-15.0613],[-42.3745,-15.0713],[-42.3549,-15.0982],[-42.3335,-15.0791],[-42.2668,-15.1247],[-42.1733,-15.086],[-42.0916,-15.1866],[-41.9975,-15.1589],[-41.9325,-15.1745],[-41.8704,-15.1152],[-41.8007,-15.1011],[-41.3564,-15.5003],[-41.3312,-15.7447],[-41.2154,-15.7372],[-41.1425,-15.772],[-41.0776,-15.7193],[-41.0061,-15.7138],[-40.9616,-15.6479],[-40.8816,-15.6945],[-40.842,-15.6832],[-40.819,-15.6463],[-40.7677,-15.7141],[-40.7006,-15.6673],[-40.6449,-15.7289],[-40.6294,-15.7157],[-40.6066,-15.7368],[-40.5625,-15.8033],[-40.4614,-15.7532],[-40.425,-15.8057],[-40.3769,-15.8235],[-40.2311,-15.8038],[-40.2001,-15.8625],[-40.1661,-15.8684],[-40.1707,-15.9075],[-40.085,-15.8971],[-40.0662,-15.9602],[-40.0044,-16.0018],[-39.9148,-16.0],[-39.9357,-16.0237],[-39.8568,-16.1138],[-39.897,-16.1416],[-39.8834,-16.1947],[-39.9365,-16.2458],[-39.9167,-16.2838],[-39.9667,-16.3272],[-39.9911,-16.3127],[-40.0692,-16.4607],[-40.0987,-16.4212],[-40.1708,-16.5236],[-40.1579,-16.5795],[-40.2341,-16.5579],[-40.2835,-16.5874],[-40.3102,-16.7362],[-40.3455,-16.7873],[-40.2578,-16.8065],[-40.2469,-16.8457],[-40.2816,-16.9012],[-40.3315,-16.908],[-40.3665,-16.8742],[-40.4157,-16.8995],[-40.485,-16.879],[-40.5714,-17.0639],[-40.5566,-17.0968],[-40.5777,-17.168],[-40.5524,-17.1992],[-40.5722,-17.2514],[-40.5478,-17.2837],[-40.609,-17.327],[-40.5987,-17.3896],[-40.6235,-17.406],[-40.5206,-17.4448],[-40.4604,-17.5685],[-40.4107,-17.5682],[-40.4145,-17.6101],[-40.372,-17.6125],[-40.3547,-17.6443],[-40.3467,-17.612],[-40.2804,-17.7228],[-40.2208,-17.7372],[-40.2181,-17.7957],[-40.1741,-17.8516],[-40.2635,-17.922],[-40.2224,-17.9804],[-40.3455,-17.9238],[-40.4642,-17.9282],[-40.527,-17.8919],[-40.6134,-17.9397],[-40.6262,-17.9911],[-40.7037,-18.0237],[-40.7258,-18.0012],[-40.7718,-18.0034],[-40.8082,-17.952],[-40.8631,-17.9883],[-40.8827,-17.9706],[-40.9028,-17.9877],[-40.7733,-18.1076],[-40.7715,-18.1559],[-40.8451,-18.1498],[-40.8931,-18.1079],[-40.95,-18.1293],[-40.9545,-18.1545],[-40.9803,-18.1414],[-40.9895,-18.1706],[-41.0561,-18.1666],[-41.1044,-18.2133],[-41.0972,-18.2566],[-41.1589,-18.3082],[-41.1459,-18.3739],[-41.1625,-18.3908],[-41.1438,-18.4065],[-41.1821,-18.4393],[-41.0206,-18.4586],[-41.0325,-18.6181],[-41.0529,-18.6312],[-40.9415,-18.6893],[-40.9159,-18.8127],[-40.9639,-18.8412],[-41.0975,-18.8423],[-41.1341,-18.796],[-41.2325,-18.7973],[-41.2436,-18.8527],[-41.2148,-18.8776],[-41.2084,-18.855],[-41.1635,-18.8595],[-41.0615,-18.9677],[-41.0169,-18.9746],[-41.0716,-19.0256],[-41.0546,-19.0684],[-40.9606,-19.1229],[-40.9259,-19.1897],[-40.9422,-19.2338],[-40.9162,-19.2589],[-40.9444,-19.2806],[-40.9077,-19.3088],[-40.9385,-19.3461],[-40.9284,-19.3819],[-40.9682,-19.4257],[-40.9447,-19.461],[-40.9722,-19.5053],[-41.0467,-19.4874],[-41.0369,-19.5705],[-41.1685,-19.6722],[-41.1911,-19.7459],[-41.1641,-19.8064],[-41.1863,-19.8277],[-41.1852,-19.8899],[-41.228,-19.905],[-41.2445,-19.9373],[-41.3027,-19.9381],[-41.3091,-20.0164],[-41.3821,-20.1888],[-41.4111,-20.2074],[-41.7568,-20.2069],[-41.78,-20.2923],[-41.8475,-20.328],[-41.8595,-20.3728],[-41.8034,-20.4222],[-41.7994,-20.4773],[-41.8254,-20.4833],[-41.8045,-20.5434],[-41.8567,-20.6158],[-41.8073,-20.6437],[-41.8634,-20.7109],[-41.8566,-20.7477],[-41.877,-20.7479],[-41.8803,-20.7806],[-41.9287,-20.7943],[-41.9267,-20.8388],[-41.9762,-20.9358],[-42.0938,-20.9356],[-42.1509,-20.974],[-42.0799,-21.0351],[-42.1011,-21.0342],[-42.1402,-21.1035],[-42.164,-21.1011],[-42.2081,-21.1782],[-42.1897,-21.2505],[-42.2286,-21.2821],[-42.23,-21.3665],[-42.252,-21.3872],[-42.2375,-21.4022],[-42.2753,-21.4042],[-42.2921,-21.4592],[-42.2546,-21.487],[-42.3691,-21.6195],[-42.3401,-21.662],[-42.3013,-21.6549],[-42.2738,-21.6774],[-42.2694,-21.717],[-42.8814,-21.9593],[-43.0392,-22.0446],[-43.0332,-22.0659],[-43.0631,-22.088],[-43.1168,-22.0851],[-43.1356,-22.1099],[-43.1547,-22.0775],[-43.1285,-22.0293],[-43.2029,-22.0374],[-43.2455,-22.0066],[-43.3022,-22.021],[-43.3483,-22.0021],[-43.4482,-22.0671],[-43.5124,-22.0592],[-43.5611,-22.0884],[-43.5857,-22.0515],[-43.6129,-22.0823],[-43.6464,-22.0649],[-43.6721,-22.0903],[-43.6913,-22.0709],[-43.7341,-22.0971],[-43.7657,-22.0622],[-44.0044,-22.1626],[-44.1004,-22.1731],[-44.1214,-22.209],[-44.2352,-22.2664],[-44.2606,-22.2679],[-44.2635,-22.2434],[-44.3876,-22.2725],[-44.4563,-22.2572],[-44.5326,-22.3307],[-44.61,-22.3266],[-44.6607,-22.3805],[-44.726,-22.359],[-44.8994,-22.4537],[-45.0973,-22.4851],[-45.2602,-22.5821],[-45.2742,-22.6162],[-45.333,-22.6176],[-45.3979,-22.6534],[-45.4739,-22.5889],[-45.4888,-22.6288],[-45.5399,-22.6526],[-45.5844,-22.6517],[-45.5554,-22.6264],[-45.5765,-22.6017],[-45.6662,-22.6512],[-45.6811,-22.6363],[-45.6606,-22.5778],[-45.7185,-22.578],[-45.7374,-22.6085],[-45.694,-22.6517],[-45.818,-22.7114],[-45.8015,-22.7386],[-45.7281,-22.7237],[-45.7134,-22.7569],[-45.7303,-22.7986],[-45.7136,-22.8148],[-45.7549,-22.7929],[-45.7819,-22.8553],[-45.8397,-22.8325],[-45.8888,-22.876],[-45.9118,-22.8163],[-46.008,-22.8895],[-46.0952,-22.8944],[-46.1391,-22.9228],[-46.145,-22.8572],[-46.3449,-22.9052],[-46.3842,-22.87],[-46.3345,-22.7603],[-46.4527,-22.7276],[-46.4789,-22.6983],[-46.4704,-22.6732],[-46.3931,-22.663],[-46.4246,-22.6336],[-46.4048,-22.6209],[-46.4337,-22.5746],[-46.407,-22.5399],[-46.5053,-22.517],[-46.5421,-22.4944],[-46.5307,-22.4709],[-46.5548,-22.4466],[-46.6618,-22.4188],[-46.6609,-22.366],[-46.7233,-22.3066],[-46.6738,-22.1756],[-46.6463,-22.1813],[-46.5985,-22.1364],[-46.6468,-22.0919],[-46.7234,-22.0769],[-46.6648,-22.0689],[-46.6756,-22.0224],[-46.6133,-22.015],[-46.6738,-21.9111],[-46.6475,-21.8805],[-46.691,-21.837],[-46.626,-21.7662],[-46.6216,-21.6755],[-46.5646,-21.6787],[-46.5182,-21.6128],[-46.5093,-21.4699],[-46.5765,-21.427],[-46.6153,-21.4415],[-46.6655,-21.3612],[-46.706,-21.4048],[-46.7647,-21.3601],[-46.8321,-21.3665],[-46.9208,-21.4271],[-47.0115,-21.4223],[-46.9973,-21.3512],[-47.0523,-21.2465],[-47.0773,-21.2402],[-47.0622,-21.2092],[-47.0993,-21.2142],[-47.1188,-21.1858],[-47.1335,-21.1335],[-47.1132,-21.1049],[-47.1423,-21.0882],[-47.1478,-20.9725],[-47.24,-20.8853],[-47.1863,-20.7311],[-47.1656,-20.7015],[-47.1153,-20.7072],[-47.0969,-20.6445],[-47.1511,-20.522],[-47.2928,-20.4477],[-47.2982,-20.3484],[-47.2311,-20.2192],[-47.257,-20.1662],[-47.4387,-20.0511],[-47.4244,-20.0153],[-47.4683,-19.9614],[-47.5838,-19.9967],[-47.6348,-20.0492],[-47.7084,-19.9787],[-47.8562,-19.9905],[-47.8955,-20.1253],[-47.9341,-20.1079],[-47.976,-20.0354],[-48.0202,-20.124],[-48.1055,-20.1464],[-48.2348,-20.0283],[-48.2534,-20.0779],[-48.2177,-20.1253],[-48.2547,-20.1438],[-48.3171,-20.1133],[-48.4058,-20.1135],[-48.4911,-20.1381],[-48.5782,-20.1312],[-48.6421,-20.1665],[-48.8257,-20.162],[-48.8554,-20.1801],[-48.8865,-20.2712],[-48.8672,-20.4025],[-48.8949,-20.4418],[-48.9704,-20.3898],[-48.9618,-20.2633],[-48.9923,-20.1654],[-49.0648,-20.1526],[-49.1297,-20.2808],[-49.1726,-20.3125],[-49.2253,-20.3053],[-49.2992,-20.1671],[-49.3085,-20.1039],[-49.2973,-20.0175],[-49.2483,-19.9996],[-49.2496,-19.9696],[-49.4445,-19.9805],[-49.5399,-19.9074],[-49.8883,-19.9453],[-50.0188,-19.9254],[-50.0972,-19.8755],[-50.3457,-19.8676],[-50.4719,-19.7797],[-50.5779,-19.8164],[-50.6613,-19.909],[-50.9081,-19.9943],[-51.0005,-20.0854],[-51.0098,-20.072],[-51.0209,-19.9591],[-50.9995,-19.9064],[-51.0459,-19.7291],[-50.9876,-19.5895],[-50.9244,-19.5809],[-50.9633,-19.4836],[-50.935,-19.4675],[-50.8305,-19.4923],[-50.876,-19.415],[-50.8189,-19.2917],[-50.7465,-19.2399],[-50.7342,-19.1877],[-50.6759,-19.1712],[-50.676,-19.1371],[-50.5878,-19.1399],[-50.5352,-19.0989],[-50.4951,-19.0129],[-50.5106,-18.9387],[-50.4434,-18.8941],[-50.4235,-18.8327],[-50.3756,-18.8115],[-50.3063,-18.6955],[-50.1643,-18.6644],[-50.08,-18.6722],[-50.0201,-18.5994],[-49.9317,-18.624],[-49.8801,-18.6096],[-49.7848,-18.6422],[-49.7685,-18.611],[-49.6397,-18.6001],[-49.6517,-18.5611],[-49.5524,-18.5441],[-49.5353,-18.4918],[-49.4931,-18.4943],[-49.4817,-18.5605],[-49.3851,-18.6461],[-49.3275,-18.5622],[-49.2935,-18.5647],[-49.1978,-18.4578],[-49.2101,-18.4148],[-49.1615,-18.4182],[-49.1263,-18.3843],[-49.077,-18.4168],[-48.9332,-18.3055],[-48.8371,-18.3415],[-48.8164,-18.3797],[-48.7577,-18.3448],[-48.5614,-18.3239],[-48.5156,-18.3664],[-48.4848,-18.3536],[-48.4812,-18.3801],[-48.4457,-18.3553],[-48.3105,-18.3867],[-48.3163,-18.3644],[-48.2705,-18.3294],[-48.1618,-18.3719],[-48.1108,-18.4286],[-48.0575,-18.4129],[-48.0088,-18.4529],[-47.9809,-18.4429],[-47.9549,-18.5003],[-47.9143,-18.4666],[-47.8682,-18.4744],[-47.858,-18.439],[-47.8319,-18.4498],[-47.8106,-18.4001],[-47.779,-18.4241],[-47.7479,-18.4116],[-47.7406,-18.3638],[-47.7001,-18.379],[-47.6576,-18.3278],[-47.6106,-18.3165],[-47.6388,-18.2877],[-47.5683,-18.2037],[-47.5369,-18.195],[-47.5324,-18.2313],[-47.5131,-18.1959],[-47.4302,-18.1657],[-47.4286,-18.1399],[-47.3959,-18.1409],[-47.3576,-18.0852],[-47.2839,-18.0584],[-47.3726,-17.8298],[-47.3137,-17.699],[-47.2701,-17.6745],[-47.2648,-17.6114],[-47.3254,-17.5238],[-47.4004,-17.5118],[-47.4547,-17.5418],[-47.5047,-17.5092],[-47.5146,-17.461],[-47.5414,-17.4546],[-47.5216,-17.4259],[-47.5398,-17.3884],[-47.5145,-17.375],[-47.5111,-17.3263],[-47.488,-17.3495],[-47.4408,-17.3477],[-47.4549,-17.3297],[-47.4229,-17.3231],[-47.4192,-17.2954],[-47.4345,-17.2762],[-47.3626,-17.2227],[-47.3618,-17.1851],[-47.3402,-17.1874],[-47.352,-17.1665],[-47.2827,-17.1441],[-47.2467,-17.082],[-47.1804,-17.0628],[-47.1836,-17.0369],[-47.1466,-17.0323],[-47.1318,-17.007],[-47.1515,-16.9977],[-47.1274,-16.9787],[-47.1673,-16.9526],[-47.1614,-16.9189],[-47.1988,-16.9081],[-47.1946,-16.8246],[-47.2212,-16.8078],[-47.2229,-16.7241],[-47.2524,-16.7039],[-47.2509,-16.6648],[-47.3193,-16.602],[-47.3364,-16.6155],[-47.3432,-16.5914],[-47.3764,-16.5997],[-47.3773,-16.5786],[-47.4132,-16.5742],[-47.4055,-16.5552],[-47.4442,-16.5393],[-47.4595,-16.5041],[-47.4557,-16.4676],[-47.3271,-16.2486],[-47.3527,-16.1328],[-47.3329,-16.0867],[-47.3113,-16.0881],[-47.3004,-16.0172],[-47.2173,-16.0144],[-47.1428,-15.9263],[-47.135,-15.9494],[-47.0886,-15.9611],[-46.8075,-15.8808],[-46.8549,-15.6183],[-46.9487,-15.5578],[-46.9293,-15.4399],[-46.8495,-15.3732],[-46.8695,-15.3615],[-46.8357,-15.3251],[-46.8893,-15.2822],[-46.8915,-15.2353],[-46.9277,-15.2551],[-46.9409,-15.2307],[-46.8884,-15.1156],[-46.9266,-15.0617],[-46.8443,-15.0091],[-46.6281,-15.0895],[-46.5036,-15.0534],[-46.5465,-14.9254],[-46.5216,-14.8512],[-46.5663,-14.7884],[-46.5034,-14.7041],[-46.3222,-14.8146],[-46.3249,-14.8478],[-46.3005,-14.8581],[-46.3193,-14.9004],[-46.2869,-14.9281],[-46.2337,-14.9215],[-46.1756,-14.9494],[-46.1629,-14.9061],[-46.0982,-14.939],[-46.0486,-14.8783],[-46.0056,-14.9001],[-45.9661,-14.9656],[-45.9755,-15.0389],[-46.0437,-15.1181],[-46.0543,-15.172],[-46.1207,-15.1952],[-46.0948,-15.2461],[-46.0581,-15.2627],[-46.0295,-15.2018],[-45.9845,-15.196],[-45.9559,-15.1407],[-45.8712,-15.1588],[-45.818,-15.1142],[-45.7303,-15.1172],[-45.5667,-14.9449],[-45.456,-14.9543],[-45.3164,-14.8314],[-45.2857,-14.8325],[-45.2056,-14.7447],[-45.0828,-14.7488],[-45.0395,-14.6799],[-44.8434,-14.5808],[-44.8588,-14.5715],[-44.8244,-14.5394],[-44.8332,-14.4998],[-44.7013,-14.4498],[-44.6884,-14.4167],[-44.668,-14.4239],[-44.6589,-14.3958],[-44.5656,-14.3401],[-44.4872,-14.3285],[-44.3178,-14.2407],[-44.2475,-14.2601],[-44.2153,-14.2332],[-44.1356,-14.2822],[-44.1126,-14.2587],[-44.0346,-14.289],[-43.9976,-14.2654],[-43.9421,-14.3051],[-43.892,-14.2933],[-43.784,-14.3372],[-43.8748,-14.5245],[-43.8858,-14.6354],[-43.8592,-14.6743],[-43.7263,-14.6982],[-43.7199,-14.7295],[-43.6872,-14.7214],[-43.615,-14.7599],[-43.5806,-14.7508],[-43.5298,-14.8159],[-43.4697,-14.7873],[-43.4813,-14.7679],[-43.4349,-14.723],[-43.3112,-14.6697],[-43.1763,-14.6505],[-43.0839,-14.6983],[-43.0664,-14.6806],[-42.9397,-14.7076],[-42.9271,-14.7441],[-42.7234,-14.8856],[-42.6265,-14.9451],[-42.599,-14.9241],[-42.5115,-14.9863]]]]}},{"type":"Feature","properties":{"sigla":"ES","nome":"Espírito Santo","regiao":"Sudeste"},"geometry":{"type":"MultiPolygon","coordinates":[[[[-40.2788,-20.3344],[-40.4234,-20.6364],[-40.4643,-20.6239],[-40.5201,-20.7297],[-40.6279,-20.841],[-40.6533,-20.8059],[-40.7555,-20.8598],[-40.8035,-20.9417],[-40.7994,-21.0033],[-40.8584,-21.1276],[-40.953,-21.2353],[-40.9579,-21.3018],[-40.9958,-21.2862],[-41.0047,-21.2511],[-41.0413,-21.2549],[-41.092,-21.2182],[-41.1906,-21.2488],[-41.2414,-21.2204],[-41.2973,-21.2351],[-41.3766,-21.1958],[-41.4462,-21.2155],[-41.4865,-21.1799],[-41.5646,-21.1837],[-41.5867,-21.1495],[-41.7171,-21.1253],[-41.7052,-21.1095],[-41.7363,-21.1014],[-41.71,-20.991],[-41.7374,-20.9308],[-41.7118,-20.869],[-41.7413,-20.8729],[-41.7551,-20.8068],[-41.8139,-20.8055],[-41.8792,-20.7623],[-41.8073,-20.6437],[-41.8567,-20.6158],[-41.8045,-20.5434],[-41.8254,-20.4833],[-41.7994,-20.4773],[-41.8034,-20.4222],[-41.8595,-20.3728],[-41.8475,-20.328],[-41.78,-20.2923],[-41.7568,-20.2069],[-41.4111,-20.2074],[-41.3821,-20.1888],[-41.3091,-20.0164],[-41.3027,-19.9381],[-41.2445,-19.9373],[-41.228,-19.905],[-41.1852,-19.8899],[-41.1863,-19.8277],[-41.1641,-19.8064],[-41.1911,-19.7459],[-41.1685,-19.6722],[-41.0369,-19.5705],[-41.0467,-19.4874],[-40.9722,-19.5053],[-40.9447,-19.461],[-40.9682,-19.4257],[-40.9284,-19.3819],[-40.9385,-19.3461],[-40.9077,-19.3088],[-40.9444,-19.2806],[-40.9162,-19.2589],[-40.9422,-19.2338],[-40.9259,-19.1897],[-40.9606,-19.1229],[-41.0546,-19.0684],[-41.0716,-19.0256],[-41.0169,-18.9746],[-41.0615,-18.9677],[-41.1635,-18.8595],[-41.2084,-18.855],[-41.2148,-18.8776],[-41.2436,-18.8527],[-41.2325,-18.7973],[-41.1341,-18.796],[-41.0975,-18.8423],[-40.9639,-18.8412],[-40.9159,-18.8127],[-40.9415,-18.6893],[-41.0529,-18.6312],[-41.0325,-18.6181],[-41.0206,-18.4586],[-41.1821,-18.4393],[-41.1438,-18.4065],[-41.1625,-18.3908],[-41.1459,-18.3739],[-41.1589,-18.3082],[-41.0972,-18.2566],[-41.1044,-18.2133],[-41.0561,-18.1666],[-40.9895,-18.1706],[-40.9803,-18.1414],[-40.9545,-18.1545],[-40.95,-18.1293],[-40.8931,-18.1079],[-40.8451,-18.1498],[-40.7715,-18.1559],[-40.7733,-18.1076],[-40.9028,-17.9877],[-40.8827,-17.9706],[-40.8631,-17.9883],[-40.8082,-17.952],[-40.7718,-18.0034],[-40.7258,-18.0012],[-40.7037,-18.0237],[-40.6262,-17.9911],[-40.6134,-17.9397],[-40.527,-17.8919],[-40.4642,-17.9282],[-40.3455,-17.9238],[-40.2224,-17.9804],[-39.666,-18.3332],[-39.7239,-18.4945],[-39.7465,-18.7057],[-39.7428,-18.9361],[-39.6894,-19.2892],[-39.702,-19.3892],[-39.8108,-19.6496],[-39.989,-19.7437],[-40.0537,-19.8128],[-40.0534,-19.8499],[-40.0994,-19.9187],[-40.153,-19.9499],[-40.1324,-19.9666],[-40.1589,-20.0359],[-40.1919,-20.0543],[-40.172,-20.1072],[-40.192,-20.1995],[-40.2301,-20.2951],[-40.2585,-20.2658],[-40.2889,-20.2834],[-40.2788,-20.3344]]],[[[-40.8843,-21.1615],[-40.8843,-21.1615]]],[[[-40.7881,-21.0037],[-40.7881,-21.0037]]],[[[-40.7852,-21.0014],[-40.7852,-21.0014]]],[[[-40.7519,-20.9272],[-40.7519,-20.9272]]],[[[-40.7506,-20.8738],[-40.7506,-20.8738]]],[[[-40.8012,-21.0068],[-40.8012,-21.0068]]],[[[-40.726,-20.8545],[-40.726,-20.8545]]],[[[-40.7253,-20.8481],[-40.7253,-20.8481]]],[[[-40.598,-20.8069],[-40.598,-20.8069]]],[[[-40.6845,-20.8273],[-40.6845,-20.8273]]],[[[-40.5495,-20.7623],[-40.5495,-20.7623]]],[[[-40.5477,-20.7584],[-40.5477,-20.7584]]],[[[-40.5473,-20.7588],[-40.5473,-20.7588]]],[[[-40.542,-20.743],[-40.542,-20.743]]],[[[-40.5278,-20.7369],[-40.5278,-20.7369]]],[[[-40.5258,-20.7319],[-40.5258,-20.7319]]],[[[-40.5235,-20.7304],[-40.5235,-20.7304]]],[[[-40.5241,-20.7304],[-40.5241,-20.7304]]],[[[-40.512,-20.7041],[-40.512,-20.7041]]],[[[-40.5089,-20.7146],[-40.5089,-20.7146]]],[[[-40.5094,-20.7124],[-40.5094,-20.7124]]],[[[-40.5084,-20.7116],[-40.5084,-20.7116]]],[[[-40.5005,-20.6831],[-40.5005,-20.6831]]],[[[-40.4069,-20.7012],[-40.4069,-20.7012]]],[[[-40.4682,-20.6611],[-40.4682,-20.6611]]],[[[-40.4723,-20.6613],[-40.4723,-20.6613]]],[[[-40.4942,-20.6619],[-40.4942,-20.6619]]],[[[-40.4643,-20.6441],[-40.4643,-20.6441]]],[[[-40.463,-20.6445],[-40.463,-20.6445]]],[[[-40.4612,-20.6439],[-40.4612,-20.6439]]],[[[-40.4292,-20.639],[-40.4292,-20.639]]],[[[-40.4392,-20.6373],[-40.4392,-20.6373]]],[[[-40.4369,-20.6357],[-40.4369,-20.6357]]],[[[-40.4436,-20.6381],[-40.4436,-20.6381]]],[[[-40.4463,-20.6381],[-40.4463,-20.6381]]],[[[-40.3957,-20.6222],[-40.3957,-20.6222]]],[[[-40.3877,-20.6102],[-40.3877,-20.6102]]],[[[-40.3917,-20.5986],[-40.3917,-20.5986]]],[[[-40.4644,-20.6274],[-40.4644,-20.6274]]],[[[-40.1336,-19.9683],[-40.1336,-19.9683]]],[[[-40.2658,-20.324],[-40.2658,-20.324]]],[[[-40.2679,-20.332],[-40.2679,-20.332]]],[[[-40.2689,-20.3204],[-40.2689,-20.3204]]],[[[-40.2709,-20.3211],[-40.2709,-20.3211]]],[[[-40.2748,-20.3068],[-40.2748,-20.3068]]],[[[-40.276,-20.307],[-40.276,-20.307]]],[[[-40.2705,-20.3321],[-40.2705,-20.3321]]],[[[-40.275,-20.3337],[-40.275,-20.3337]]],[[[-40.2871,-20.3052],[-40.2871,-20.3052]]],[[[-40.285,-20.2847],[-40.285,-20.2847]]],[[[-40.2834,-20.2935],[-40.2834,-20.2935]]],[[[-40.2753,-20.2982],[-40.2753,-20.2982]]],[[[-40.2819,-20.2927],[-40.2819,-20.2927]]],[[[-40.3822,-20.6109],[-40.3822,-20.6109]]],[[[-40.3773,-20.6143],[-40.3773,-20.6143]]],[[[-40.3745,-20.6082],[-40.3745,-20.6082]]],[[[-40.3675,-20.6758],[-40.3675,-20.6758]]],[[[-40.3639,-20.6779],[-40.3639,-20.6779]]],[[[-40.3571,-20.5244],[-40.3571,-20.5244]]],[[[-40.3109,-20.4207],[-40.3109,-20.4207]]],[[[-40.2711,-20.3361],[-40.2711,-20.3361]]],[[[-40.2719,-20.3362],[-40.2719,-20.3362]]],[[[-40.2757,-20.3507],[-40.2757,-20.3507]]],[[[-40.2502,-20.3522],[-40.2502,-20.3522]]],[[[-40.2498,-20.3525],[-40.2498,-20.3525]]],[[[-40.2527,-20.3534],[-40.2527,-20.3534]]],[[[-40.2752,-20.3533],[-40.2752,-20.3533]]],[[[-40.2801,-20.355],[-40.2801,-20.355]]],[[[-40.3004,-20.3824],[-40.3004,-20.3824]]],[[[-40.2808,-20.3605],[-40.2808,-20.3605]]],[[[-40.2786,-20.3603],[-40.2786,-20.3603]]],[[[-40.2764,-20.3619],[-40.2764,-20.3619]]],[[[-40.2791,-20.3625],[-40.2791,-20.3625]]],[[[-40.2776,-20.3646],[-40.2776,-20.3646]]],[[[-40.2781,-20.3655],[-40.2781,-20.3655]]],[[[-40.2792,-20.3648],[-40.2792,-20.3648]]],[[[-40.2863,-20.3717],[-40.2863,-20.3717]]],[[[-40.2955,-20.3802],[-40.2955,-20.3802]]],[[[-28.8553,-20.4726],[-28.8553,-20.4726]]],[[[-29.3371,-20.488],[-29.2996,-20.5267],[-29.3318,-20.5255],[-29.3371,-20.488]]],[[[-28.8543,-20.4696],[-28.8543,-20.4696]]],[[[-28.849,-20.4744],[-28.849,-20.4744]]],[[[-28.8496,-20.4958],[-28.8496,-20.4958]]]]}},{"type":"Feature","properties":{"sigla":"RJ","nome":"Rio de Janeiro","regiao":"Sudeste"},"geometry":{"type":"MultiPolygon","coordinates":[[[[-42.0061,-22.8856],[-42.0376,-22.9246],[-42.0247,-22.9591],[-41.9948,-22.9618],[-42.0199,-22.9714],[-42.0129,-22.9975],[-42.0739,-22.9555],[-42.3613,-22.9355],[-42.6047,-22.9338],[-42.69,-22.9621],[-43.0517,-22.9818],[-43.0519,-22.9636],[-43.1353,-22.938],[-43.0986,-22.9316],[-43.1376,-22.9033],[-43.1346,-22.8816],[-43.0651,-22.8029],[-43.0688,-22.7699],[-43.0262,-22.7435],[-43.0326,-22.6938],[-43.0846,-22.677],[-43.1277,-22.715],[-43.213,-22.7266],[-43.2786,-22.7805],[-43.2324,-22.8692],[-43.2014,-22.8715],[-43.2108,-22.8976],[-43.1615,-22.9053],[-43.1804,-22.9479],[-43.1502,-22.9509],[-43.1901,-22.9907],[-43.4456,-23.0229],[-43.5646,-23.0755],[-43.5624,-23.0532],[-43.6229,-23.0079],[-43.6895,-22.9919],[-43.7968,-22.9165],[-43.8494,-22.9316],[-43.8374,-22.904],[-43.8568,-22.9019],[-44.0059,-22.9421],[-44.0429,-22.9845],[-44.0538,-22.9423],[-44.1136,-23.0234],[-44.2376,-23.0565],[-44.2212,-23.014],[-44.2494,-22.9978],[-44.2938,-23.0253],[-44.3013,-23.0022],[-44.3585,-23.0237],[-44.2999,-22.9587],[-44.333,-22.9677],[-44.3198,-22.936],[-44.3607,-22.9235],[-44.374,-22.9428],[-44.3495,-22.9458],[-44.3769,-22.9699],[-44.4122,-22.9409],[-44.4347,-22.9633],[-44.4414,-23.0266],[-44.4775,-23.0058],[-44.5963,-23.064],[-44.5962,-23.0451],[-44.6686,-23.0542],[-44.691,-23.0828],[-44.7136,-23.2336],[-44.6435,-23.1852],[-44.616,-23.2038],[-44.6251,-23.2224],[-44.6627,-23.214],[-44.6924,-23.2525],[-44.6134,-23.2336],[-44.648,-23.3019],[-44.5992,-23.2365],[-44.5603,-23.2264],[-44.5834,-23.268],[-44.5029,-23.2931],[-44.5558,-23.3036],[-44.5854,-23.3596],[-44.6069,-23.3667],[-44.6401,-23.331],[-44.7358,-23.3656],[-44.8893,-23.2266],[-44.8727,-23.1825],[-44.8227,-23.1601],[-44.7919,-22.9819],[-44.4954,-22.847],[-44.4662,-22.8854],[-44.4182,-22.8481],[-44.2723,-22.8321],[-44.2401,-22.7927],[-44.2571,-22.7663],[-44.199,-22.7353],[-44.1614,-22.6783],[-44.2074,-22.612],[-44.345,-22.5878],[-44.356,-22.6149],[-44.3824,-22.5735],[-44.4066,-22.6088],[-44.4849,-22.6039],[-44.5086,-22.6409],[-44.535,-22.6381],[-44.5263,-22.6193],[-44.5503,-22.6038],[-44.5837,-22.6262],[-44.6402,-22.6081],[-44.6444,-22.5556],[-44.6774,-22.5615],[-44.671,-22.5367],[-44.7162,-22.5142],[-44.7339,-22.4329],[-44.8093,-22.4063],[-44.8021,-22.3923],[-44.7254,-22.3589],[-44.6607,-22.3805],[-44.622,-22.3319],[-44.5326,-22.3307],[-44.4332,-22.2514],[-44.3876,-22.2725],[-44.2635,-22.2434],[-44.2606,-22.2679],[-44.2352,-22.2664],[-44.1214,-22.209],[-44.1004,-22.1731],[-44.0044,-22.1626],[-43.7657,-22.0622],[-43.7341,-22.0971],[-43.6913,-22.0709],[-43.6721,-22.0903],[-43.6464,-22.0649],[-43.6129,-22.0823],[-43.5857,-22.0515],[-43.5611,-22.0884],[-43.5124,-22.0592],[-43.4482,-22.0671],[-43.3483,-22.0021],[-43.3022,-22.021],[-43.2455,-22.0066],[-43.2029,-22.0374],[-43.1285,-22.0293],[-43.1547,-22.0775],[-43.1356,-22.1099],[-43.1168,-22.0851],[-43.0631,-22.088],[-43.0332,-22.0659],[-43.0392,-22.0446],[-42.8814,-21.9593],[-42.2694,-21.717],[-42.2738,-21.6774],[-42.3013,-21.6549],[-42.3401,-21.662],[-42.3691,-21.6195],[-42.2546,-21.487],[-42.2921,-21.4592],[-42.2753,-21.4042],[-42.2375,-21.4022],[-42.252,-21.3872],[-42.23,-21.3665],[-42.2286,-21.2821],[-42.1897,-21.2505],[-42.2081,-21.1782],[-42.164,-21.1011],[-42.1402,-21.1035],[-42.1011,-21.0342],[-42.0799,-21.0351],[-42.1509,-20.974],[-42.0938,-20.9356],[-41.9762,-20.9358],[-41.9267,-20.8388],[-41.9286,-20.7941],[-41.8529,-20.7634],[-41.8139,-20.8055],[-41.7458,-20.8128],[-41.7415,-20.8726],[-41.7118,-20.869],[-41.7374,-20.9308],[-41.71,-20.991],[-41.7363,-21.1014],[-41.7052,-21.1095],[-41.7171,-21.1253],[-41.5867,-21.1495],[-41.5646,-21.1837],[-41.4865,-21.1799],[-41.4462,-21.2155],[-41.3766,-21.1958],[-41.2973,-21.2351],[-41.2414,-21.2204],[-41.1906,-21.2488],[-41.092,-21.2182],[-41.0413,-21.2549],[-41.0047,-21.2511],[-40.9958,-21.2862],[-40.9599,-21.3021],[-40.9614,-21.3608],[-41.0733,-21.5168],[-41.0502,-21.6157],[-41.0123,-21.621],[-41.0239,-21.7326],[-40.975,-21.9652],[-40.9986,-22.017],[-41.1674,-22.1158],[-41.5188,-22.2244],[-41.7644,-22.3535],[-41.7679,-22.3909],[-41.9769,-22.5569],[-41.9997,-22.6327],[-41.9814,-22.7228],[-41.9254,-22.7705],[-41.8724,-22.7374],[-41.8638,-22.755],[-41.8812,-22.7843],[-41.9218,-22.7871],[-41.9282,-22.8145],[-41.9708,-22.8234],[-41.9797,-22.8734],[-42.0061,-22.8856]]],[[[-44.7195,-23.3596],[-44.7195,-23.3596]]],[[[-44.6832,-23.179],[-44.6832,-23.179]]],[[[-44.6919,-23.1697],[-44.6834,-23.1508],[-44.6919,-23.1697]]],[[[-44.6871,-23.1308],[-44.6871,-23.1308]]],[[[-44.689,-23.1098],[-44.689,-23.1098]]],[[[-44.6847,-23.0887],[-44.6847,-23.0887]]],[[[-44.6766,-23.096],[-44.6766,-23.096]]],[[[-44.6599,-23.0595],[-44.6599,-23.0595]]],[[[-44.6375,-23.0674],[-44.6375,-23.0674]]],[[[-44.6582,-23.0933],[-44.6582,-23.0933]]],[[[-44.6442,-23.0751],[-44.6442,-23.0751]]],[[[-44.668,-23.1232],[-44.668,-23.1232]]],[[[-44.673,-23.0988],[-44.673,-23.0988]]],[[[-44.6792,-23.1097],[-44.6792,-23.1097]]],[[[-44.6786,-23.1269],[-44.6786,-23.1269]]],[[[-44.6765,-23.1145],[-44.6765,-23.1145]]],[[[-44.6786,-23.1724],[-44.6786,-23.1724]]],[[[-44.68,-23.1741],[-44.68,-23.1741]]],[[[-44.6801,-23.1755],[-44.6801,-23.1755]]],[[[-44.676,-23.1332],[-44.676,-23.1332]]],[[[-44.6672,-23.1321],[-44.6672,-23.1321]]],[[[-44.6641,-23.1635],[-44.6641,-23.1635]]],[[[-44.6787,-23.181],[-44.6787,-23.181]]],[[[-44.6577,-23.1882],[-44.6577,-23.1882]]],[[[-44.6828,-23.206],[-44.6828,-23.206]]],[[[-44.6727,-23.2014],[-44.6727,-23.2014]]],[[[-44.6896,-23.21],[-44.6896,-23.21]]],[[[-44.6911,-23.2181],[-44.6911,-23.2181]]],[[[-44.6896,-23.2082],[-44.6896,-23.2082]]],[[[-44.6851,-23.1823],[-44.6851,-23.1823]]],[[[-44.7072,-23.2064],[-44.7072,-23.2064]]],[[[-44.7093,-23.2053],[-44.7093,-23.2053]]],[[[-44.6811,-23.3419],[-44.6811,-23.3419]]],[[[-44.6804,-23.3428],[-44.6804,-23.3428]]],[[[-44.6718,-23.3567],[-44.6718,-23.3567]]],[[[-44.6659,-23.3515],[-44.6659,-23.3515]]],[[[-44.6649,-23.3502],[-44.6649,-23.3502]]],[[[-44.6706,-23.2405],[-44.6706,-23.2405]]],[[[-44.6509,-23.2315],[-44.6339,-23.2256],[-44.6509,-23.2315]]],[[[-44.6364,-23.2803],[-44.6364,-23.2803]]],[[[-44.6304,-23.2744],[-44.6304,-23.2744]]],[[[-44.5716,-23.2675],[-44.5716,-23.2675]]],[[[-44.5846,-23.2118],[-44.5846,-23.2118]]],[[[-44.6186,-23.2247],[-44.5846,-23.2037],[-44.6186,-23.2247]]],[[[-44.6257,-23.1952],[-44.6257,-23.1952]]],[[[-44.6365,-23.1946],[-44.6365,-23.1946]]],[[[-44.6347,-23.1767],[-44.6347,-23.1767]]],[[[-44.6345,-23.1754],[-44.6345,-23.1754]]],[[[-44.6242,-23.1924],[-44.6242,-23.1924]]],[[[-44.5958,-23.0887],[-44.5958,-23.0887]]],[[[-44.5772,-23.1894],[-44.5772,-23.1894]]],[[[-44.6075,-23.1962],[-44.6075,-23.1962]]],[[[-44.5796,-23.2031],[-44.5796,-23.2031]]],[[[-44.5734,-23.1966],[-44.5734,-23.1966]]],[[[-44.3626,-23.1789],[-44.3786,-23.175],[-44.2952,-23.114],[-44.2829,-23.1366],[-44.2316,-23.0753],[-44.19,-23.1026],[-44.2181,-23.1059],[-44.2016,-23.1198],[-44.1704,-23.1179],[-44.1628,-23.1422],[-44.1268,-23.1195],[-44.1407,-23.1574],[-44.0907,-23.1675],[-44.1847,-23.1798],[-44.1966,-23.2038],[-44.2536,-23.2054],[-44.3013,-23.1779],[-44.3481,-23.227],[-44.3404,-23.1829],[-44.3626,-23.1789]]],[[[-44.3998,-23.0999],[-44.3998,-23.0999]]],[[[-44.3119,-23.0868],[-44.3119,-23.0868]]],[[[-44.3097,-23.0915],[-44.3097,-23.0915]]],[[[-44.5567,-23.2238],[-44.5567,-23.2238]]],[[[-44.5701,-23.3527],[-44.5701,-23.3527]]],[[[-44.3594,-23.215],[-44.3594,-23.215]]],[[[-44.1833,-23.184],[-44.1833,-23.184]]],[[[-44.1805,-23.1842],[-44.1805,-23.1842]]],[[[-44.1604,-23.2277],[-44.1494,-23.2165],[-44.1604,-23.2277]]],[[[-44.0944,-23.1752],[-44.0944,-23.1752]]],[[[-44.0917,-23.1743],[-44.0917,-23.1743]]],[[[-44.1095,-23.1427],[-44.1095,-23.1427]]],[[[-44.1032,-23.1386],[-44.1032,-23.1386]]],[[[-44.1081,-23.1437],[-44.1081,-23.1437]]],[[[-44.121,-23.1482],[-44.121,-23.1482]]],[[[-44.1668,-23.1369],[-44.1668,-23.1369]]],[[[-44.151,-23.1264],[-44.151,-23.1264]]],[[[-43.8348,-23.1158],[-43.8348,-23.1158]]],[[[-44.1407,-23.1198],[-44.1407,-23.1198]]],[[[-44.121,-23.1006],[-44.121,-23.1006]]],[[[-44.0113,-23.087],[-44.0113,-23.087]]],[[[-44.1404,-23.1068],[-44.1404,-23.1068]]],[[[-44.1673,-23.1154],[-44.1673,-23.1154]]],[[[-44.1416,-23.1073],[-44.1416,-23.1073]]],[[[-44.1674,-23.1378],[-44.1674,-23.1378]]],[[[-44.2154,-23.0864],[-44.2154,-23.0864]]],[[[-44.2412,-23.0869],[-44.2412,-23.0869]]],[[[-44.3305,-23.0874],[-44.3305,-23.0874]]],[[[-44.3385,-23.0618],[-44.3385,-23.0618]]],[[[-44.3771,-23.0564],[-44.3771,-23.0564]]],[[[-44.3332,-23.0557],[-44.3332,-23.0557]]],[[[-44.3766,-23.0586],[-44.3766,-23.0586]]],[[[-44.3289,-23.056],[-44.3289,-23.056]]],[[[-44.3167,-23.056],[-44.3167,-23.056]]],[[[-44.33,-23.0563],[-44.33,-23.0563]]],[[[-44.3161,-23.0649],[-44.3161,-23.0649]]],[[[-44.3166,-23.0629],[-44.3166,-23.0629]]],[[[-44.241,-23.0851],[-44.241,-23.0851]]],[[[-44.2409,-23.0838],[-44.2409,-23.0838]]],[[[-44.2404,-23.0852],[-44.2404,-23.0852]]],[[[-44.2297,-23.0838],[-44.2297,-23.0838]]],[[[-44.2407,-23.0781],[-44.2407,-23.0781]]],[[[-43.6666,-23.0426],[-43.614,-23.031],[-43.5663,-23.0618],[-43.733,-23.0578],[-43.988,-23.1024],[-44.012,-23.0797],[-43.9544,-23.0409],[-43.8823,-23.067],[-43.9129,-23.0209],[-43.8063,-23.0613],[-43.6666,-23.0426]]],[[[-44.228,-23.078],[-44.228,-23.078]]],[[[-44.2525,-23.0719],[-44.2525,-23.0719]]],[[[-44.2686,-23.0546],[-44.2686,-23.0546]]],[[[-44.1376,-23.0439],[-44.1376,-23.0439]]],[[[-44.1284,-23.0422],[-44.1284,-23.0422]]],[[[-44.1118,-23.038],[-44.1118,-23.038]]],[[[-44.159,-23.042],[-44.159,-23.042]]],[[[-44.3085,-23.0512],[-44.3085,-23.0512]]],[[[-44.3341,-23.0548],[-44.3341,-23.0548]]],[[[-44.372,-23.0368],[-44.3467,-23.0394],[-44.3457,-23.0688],[-44.3919,-23.0447],[-44.372,-23.0368]]],[[[-44.2985,-23.039],[-44.2985,-23.039]]],[[[-44.2985,-23.038],[-44.2985,-23.038]]],[[[-44.3428,-23.0398],[-44.3428,-23.0398]]],[[[-44.395,-23.0427],[-44.395,-23.0427]]],[[[-44.3979,-23.0373],[-44.3979,-23.0373]]],[[[-44.4924,-23.044],[-44.4924,-23.044]]],[[[-44.3995,-23.0457],[-44.3995,-23.0457]]],[[[-44.544,-23.0464],[-44.544,-23.0464]]],[[[-44.546,-23.0499],[-44.546,-23.0499]]],[[[-44.4819,-23.0404],[-44.5032,-23.055],[-44.4819,-23.0404]]],[[[-44.3996,-23.0467],[-44.3996,-23.0467]]],[[[-44.4212,-23.0538],[-44.4212,-23.0538]]],[[[-44.4033,-23.0583],[-44.4033,-23.0583]]],[[[-44.3775,-23.0575],[-44.3775,-23.0575]]],[[[-44.3946,-23.0725],[-44.3946,-23.0725]]],[[[-44.4072,-23.0609],[-44.4072,-23.0609]]],[[[-44.406,-23.0597],[-44.406,-23.0597]]],[[[-44.4118,-23.0639],[-44.4118,-23.0639]]],[[[-44.5569,-23.077],[-44.5569,-23.077]]],[[[-44.5635,-23.0669],[-44.552,-23.0565],[-44.5635,-23.0669]]],[[[-44.4125,-23.056],[-44.4125,-23.056]]],[[[-44.4184,-23.061],[-44.4184,-23.061]]],[[[-44.6086,-23.0642],[-44.6086,-23.0642]]],[[[-44.5964,-23.0671],[-44.5964,-23.0671]]],[[[-44.5646,-23.0681],[-44.5646,-23.0681]]],[[[-44.5903,-23.0707],[-44.5903,-23.0707]]],[[[-44.6025,-23.0689],[-44.6025,-23.0689]]],[[[-44.6169,-23.0624],[-44.6169,-23.0624]]],[[[-44.6315,-23.072],[-44.6315,-23.072]]],[[[-44.628,-23.0629],[-44.628,-23.0629]]],[[[-44.6101,-23.0551],[-44.6101,-23.0551]]],[[[-44.6233,-23.0602],[-44.6233,-23.0602]]],[[[-44.5607,-23.0532],[-44.5607,-23.0532]]],[[[-44.297,-23.0324],[-44.297,-23.0324]]],[[[-44.2872,-23.0278],[-44.2872,-23.0278]]],[[[-44.28,-23.0359],[-44.28,-23.0359]]],[[[-44.2808,-23.0273],[-44.2808,-23.0273]]],[[[-44.2839,-23.0343],[-44.2839,-23.0343]]],[[[-44.2796,-23.0274],[-44.2796,-23.0274]]],[[[-44.2694,-23.0252],[-44.2694,-23.0252]]],[[[-44.2846,-23.0264],[-44.2846,-23.0264]]],[[[-44.2853,-23.0264],[-44.2853,-23.0264]]],[[[-44.31,-23.0275],[-44.31,-23.0275]]],[[[-44.269,-23.0148],[-44.269,-23.0148]]],[[[-44.2765,-23.0182],[-44.2765,-23.0182]]],[[[-44.1128,-23.0375],[-44.1128,-23.0375]]],[[[-44.1105,-23.026],[-44.1105,-23.026]]],[[[-44.1088,-23.0235],[-44.1088,-23.0235]]],[[[-43.9529,-23.0262],[-43.9529,-23.0262]]],[[[-43.9471,-23.0248],[-43.9471,-23.0248]]],[[[-43.9405,-23.0167],[-43.9405,-23.0167]]],[[[-43.9443,-23.0194],[-43.9443,-23.0194]]],[[[-43.9404,-23.0154],[-43.9404,-23.0154]]],[[[-43.9303,-23.0131],[-43.9303,-23.0131]]],[[[-43.965,-23.0137],[-43.965,-23.0137]]],[[[-43.966,-23.0154],[-43.966,-23.0154]]],[[[-44.0773,-23.0122],[-44.0773,-23.0122]]],[[[-44.1101,-23.0239],[-44.1101,-23.0239]]],[[[-44.1104,-23.0249],[-44.1104,-23.0249]]],[[[-43.925,-23.0078],[-43.925,-23.0078]]],[[[-43.9526,-23.0099],[-43.9526,-23.0099]]],[[[-43.945,-23.0045],[-43.945,-23.0045]]],[[[-43.9471,-23.0047],[-43.9471,-23.0047]]],[[[-43.9485,-23.0048],[-43.9485,-23.0048]]],[[[-44.0381,-23.0117],[-44.0525,-23.0033],[-44.0297,-22.996],[-44.0381,-23.0117]]],[[[-43.9438,-23.0041],[-43.9438,-23.0041]]],[[[-43.9478,-23.0039],[-43.9478,-23.0039]]],[[[-43.9169,-22.9911],[-43.9355,-23.0151],[-43.9169,-22.9911]]],[[[-43.9131,-22.9971],[-43.9131,-22.9971]]],[[[-43.9534,-23.0037],[-43.9534,-23.0037]]],[[[-44.3023,-23.0104],[-44.3023,-23.0104]]],[[[-44.3088,-23.0098],[-44.3088,-23.0098]]],[[[-44.3661,-23.0],[-44.3661,-23.0]]],[[[-44.4321,-23.0038],[-44.4321,-23.0038]]],[[[-44.4236,-23.0024],[-44.4236,-23.0024]]],[[[-44.4224,-23.0038],[-44.4224,-23.0038]]],[[[-44.3832,-23.0074],[-44.3832,-23.0074]]],[[[-44.3211,-23.0175],[-44.3211,-23.0175]]],[[[-44.3193,-23.0201],[-44.3193,-23.0201]]],[[[-44.3271,-23.0297],[-44.3271,-23.0297]]],[[[-44.3314,-23.0283],[-44.3314,-23.0283]]],[[[-44.3319,-23.0237],[-44.3319,-23.0237]]],[[[-44.3837,-23.0341],[-44.3837,-23.0341]]],[[[-44.4004,-23.0369],[-44.4004,-23.0369]]],[[[-44.4032,-23.033],[-44.4032,-23.033]]],[[[-44.4119,-23.0353],[-44.4119,-23.0353]]],[[[-44.4492,-23.0347],[-44.4492,-23.0347]]],[[[-44.4361,-23.0263],[-44.4361,-23.0263]]],[[[-44.4259,-23.0154],[-44.4259,-23.0154]]],[[[-44.3632,-23.0144],[-44.3632,-23.0144]]],[[[-44.364,-23.0104],[-44.364,-23.0104]]],[[[-44.3693,-23.0125],[-44.3693,-23.0125]]],[[[-44.37,-23.0106],[-44.37,-23.0106]]],[[[-44.4828,-23.0319],[-44.4828,-23.0319]]],[[[-44.5165,-23.0359],[-44.5165,-23.0359]]],[[[-44.4228,-22.9955],[-44.4228,-22.9955]]],[[[-44.4072,-22.9969],[-44.4072,-22.9969]]],[[[-44.4002,-22.9939],[-44.4002,-22.9939]]],[[[-44.3459,-22.9911],[-44.3459,-22.9911]]],[[[-44.3529,-22.9935],[-44.3529,-22.9935]]],[[[-44.4012,-22.9928],[-44.4012,-22.9928]]],[[[-44.4133,-22.9936],[-44.4133,-22.9936]]],[[[-44.3417,-22.9868],[-44.3417,-22.9868]]],[[[-44.4135,-22.9845],[-44.4135,-22.9845]]],[[[-44.3574,-22.9871],[-44.3574,-22.9871]]],[[[-44.3627,-22.9875],[-44.3627,-22.9875]]],[[[-44.3353,-22.9821],[-44.3353,-22.9821]]],[[[-44.3767,-22.976],[-44.3767,-22.976]]],[[[-44.3481,-22.9782],[-44.3481,-22.9782]]],[[[-44.3304,-22.9806],[-44.3304,-22.9806]]],[[[-44.341,-22.9795],[-44.341,-22.9795]]],[[[-44.4051,-22.9851],[-44.4051,-22.9851]]],[[[-44.3915,-22.9748],[-44.3915,-22.9748]]],[[[-44.4081,-22.9785],[-44.4081,-22.9785]]],[[[-44.4317,-22.9754],[-44.4317,-22.9754]]],[[[-44.3283,-22.9727],[-44.3283,-22.9727]]],[[[-44.389,-22.9739],[-44.389,-22.9739]]],[[[-44.4231,-22.9739],[-44.4231,-22.9739]]],[[[-44.3159,-22.9697],[-44.3159,-22.9697]]],[[[-44.3723,-22.9706],[-44.3723,-22.9706]]],[[[-44.4081,-22.9633],[-44.4081,-22.9633]]],[[[-44.3985,-22.9591],[-44.3985,-22.9591]]],[[[-44.4,-22.9525],[-44.4,-22.9525]]],[[[-44.4107,-22.946],[-44.4107,-22.946]]],[[[-44.4106,-22.9462],[-44.4106,-22.9462]]],[[[-44.4099,-22.9453],[-44.4099,-22.9453]]],[[[-44.3697,-22.9424],[-44.3697,-22.9424]]],[[[-44.3686,-22.9438],[-44.3686,-22.9438]]],[[[-44.3687,-22.9471],[-44.3687,-22.9471]]],[[[-44.3532,-22.9552],[-44.3532,-22.9552]]],[[[-44.3362,-22.9471],[-44.3362,-22.9471]]],[[[-44.3383,-22.9552],[-44.3383,-22.9552]]],[[[-44.342,-22.943],[-44.342,-22.943]]],[[[-44.3696,-22.9472],[-44.3696,-22.9472]]],[[[-44.369,-22.9444],[-44.369,-22.9444]]],[[[-44.3488,-22.9325],[-44.3488,-22.9325]]],[[[-44.346,-22.9322],[-44.346,-22.9322]]],[[[-44.3318,-22.9276],[-44.3318,-22.9276]]],[[[-44.3317,-22.9287],[-44.3317,-22.9287]]],[[[-44.3337,-22.9287],[-44.3337,-22.9287]]],[[[-44.3439,-22.9626],[-44.3439,-22.9626]]],[[[-44.3213,-22.9627],[-44.3213,-22.9627]]],[[[-44.3512,-22.9648],[-44.3512,-22.9648]]],[[[-44.3639,-22.9652],[-44.3639,-22.9652]]],[[[-44.3421,-22.9639],[-44.3421,-22.9639]]],[[[-44.3189,-22.9677],[-44.3189,-22.9677]]],[[[-44.3122,-22.9676],[-44.3122,-22.9676]]],[[[-43.9598,-22.9335],[-43.9598,-22.9335]]],[[[-43.9609,-22.9329],[-43.9609,-22.9329]]],[[[-43.8767,-22.9229],[-43.8767,-22.9229]]],[[[-43.8133,-22.921],[-43.8133,-22.921]]],[[[-43.8425,-22.9065],[-43.8425,-22.9065]]],[[[-43.8409,-22.9074],[-43.8409,-22.9074]]],[[[-43.8411,-22.9074],[-43.8411,-22.9074]]],[[[-43.8412,-22.9076],[-43.8412,-22.9076]]],[[[-43.8646,-22.925],[-43.8646,-22.925]]],[[[-43.8104,-22.9253],[-43.8104,-22.9253]]],[[[-43.8759,-22.924],[-43.8759,-22.924]]],[[[-43.7854,-22.9289],[-43.7854,-22.9289]]],[[[-43.8878,-22.928],[-43.8878,-22.928]]],[[[-43.9016,-22.9304],[-43.8679,-22.9264],[-43.9065,-22.9589],[-43.9016,-22.9304]]],[[[-43.865,-22.9451],[-43.865,-22.9451]]],[[[-43.857,-22.9453],[-43.857,-22.9453]]],[[[-43.8595,-22.9453],[-43.8595,-22.9453]]],[[[-43.8733,-22.9579],[-43.8733,-22.9579]]],[[[-43.8637,-22.9555],[-43.8637,-22.9555]]],[[[-43.9473,-22.9611],[-43.9473,-22.9611]]],[[[-43.9981,-22.9604],[-43.9981,-22.9604]]],[[[-43.876,-22.9592],[-43.876,-22.9592]]],[[[-43.9289,-22.9489],[-43.9289,-22.9489]]],[[[-43.9672,-22.9456],[-43.9672,-22.9456]]],[[[-43.9634,-22.9449],[-43.9634,-22.9449]]],[[[-43.9237,-22.9457],[-43.9237,-22.9457]]],[[[-43.8548,-22.9419],[-43.8548,-22.9419]]],[[[-43.9204,-22.945],[-43.9204,-22.945]]],[[[-44.0085,-22.9481],[-44.0085,-22.9481]]],[[[-44.0071,-22.9654],[-44.0071,-22.9654]]],[[[-44.0062,-22.9646],[-44.0062,-22.9646]]],[[[-43.9116,-22.9624],[-43.9116,-22.9624]]],[[[-44.0013,-22.9632],[-44.0013,-22.9632]]],[[[-43.9171,-22.979],[-43.9171,-22.979]]],[[[-44.0413,-22.9908],[-44.0413,-22.9908]]],[[[-43.936,-22.9824],[-43.936,-22.9824]]],[[[-43.9239,-22.9842],[-43.9239,-22.9842]]],[[[-43.9226,-22.9883],[-43.9226,-22.9883]]],[[[-43.916,-22.9955],[-43.916,-22.9955]]],[[[-43.913,-22.9959],[-43.913,-22.9959]]],[[[-43.9132,-22.9839],[-43.9132,-22.9839]]],[[[-43.7029,-22.9852],[-43.7029,-22.9852]]],[[[-43.6952,-22.9863],[-43.6952,-22.9863]]],[[[-43.6605,-22.9996],[-43.6605,-22.9996]]],[[[-43.6598,-22.9982],[-43.6598,-22.9982]]],[[[-43.6529,-23.0034],[-43.6529,-23.0034]]],[[[-43.6506,-23.0026],[-43.6506,-23.0026]]],[[[-43.6045,-23.0307],[-43.6045,-23.0307]]],[[[-43.6027,-23.0289],[-43.6027,-23.0289]]],[[[-43.5992,-23.0282],[-43.5785,-23.0461],[-43.5992,-23.0282]]],[[[-43.5929,-23.0414],[-43.5929,-23.0414]]],[[[-43.5886,-23.0422],[-43.5886,-23.0422]]],[[[-43.5856,-23.0448],[-43.5856,-23.0448]]],[[[-43.578,-23.0427],[-43.578,-23.0427]]],[[[-43.583,-23.0454],[-43.583,-23.0454]]],[[[-43.566,-23.058],[-43.566,-23.058]]],[[[-43.5658,-23.0515],[-43.5658,-23.0515]]],[[[-43.5705,-23.0496],[-43.5705,-23.0496]]],[[[-43.5694,-23.0509],[-43.5694,-23.0509]]],[[[-43.5736,-23.0726],[-43.5736,-23.0726]]],[[[-43.5688,-23.0816],[-43.5688,-23.0816]]],[[[-43.5675,-23.06],[-43.5675,-23.06]]],[[[-43.5661,-23.0589],[-43.5661,-23.0589]]],[[[-43.5651,-23.0581],[-43.5651,-23.0581]]],[[[-43.5657,-23.0588],[-43.5657,-23.0588]]],[[[-43.5632,-23.0545],[-43.5632,-23.0545]]],[[[-43.5635,-23.059],[-43.5635,-23.059]]],[[[-43.5609,-23.0796],[-43.5609,-23.0796]]],[[[-43.5095,-23.0656],[-43.5095,-23.0656]]],[[[-43.5082,-23.0526],[-43.5082,-23.0526]]],[[[-43.511,-23.0603],[-43.511,-23.0603]]],[[[-43.4691,-23.0341],[-43.4691,-23.0341]]],[[[-43.3157,-23.0375],[-43.3157,-23.0375]]],[[[-43.31,-23.0473],[-43.31,-23.0473]]],[[[-43.3102,-23.0445],[-43.3102,-23.0445]]],[[[-43.3057,-23.0332],[-43.3057,-23.0332]]],[[[-43.3039,-23.0366],[-43.3039,-23.0366]]],[[[-43.3048,-23.034],[-43.3048,-23.034]]],[[[-43.2994,-23.0312],[-43.2994,-23.0312]]],[[[-43.2753,-23.0296],[-43.2753,-23.0296]]],[[[-43.8386,-22.9056],[-43.8386,-22.9056]]],[[[-43.8386,-22.9058],[-43.8386,-22.9058]]],[[[-43.8393,-22.9061],[-43.8393,-22.9061]]],[[[-43.8397,-22.906],[-43.8397,-22.906]]],[[[-43.8394,-22.9059],[-43.8394,-22.9059]]],[[[-43.8402,-22.9064],[-43.8402,-22.9064]]],[[[-43.8418,-22.9066],[-43.8418,-22.9066]]],[[[-43.8407,-22.9066],[-43.8407,-22.9066]]],[[[-43.2289,-22.788],[-43.1575,-22.7786],[-43.1784,-22.8022],[-43.1639,-22.8229],[-43.2475,-22.8311],[-43.2656,-22.8107],[-43.2289,-22.788]]],[[[-43.1811,-22.726],[-43.1811,-22.726]]],[[[-43.1692,-22.7676],[-43.1692,-22.7676]]],[[[-43.1691,-22.7669],[-43.1691,-22.7669]]],[[[-43.1691,-22.7667],[-43.1691,-22.7667]]],[[[-43.1692,-22.767],[-43.1692,-22.767]]],[[[-43.1691,-22.767],[-43.1691,-22.767]]],[[[-43.1688,-22.7673],[-43.1688,-22.7673]]],[[[-43.169,-22.7688],[-43.169,-22.7688]]],[[[-43.1677,-22.768],[-43.1677,-22.768]]],[[[-43.1686,-22.7682],[-43.1686,-22.7682]]],[[[-43.1683,-22.7677],[-43.1683,-22.7677]]],[[[-43.1685,-22.7678],[-43.1685,-22.7678]]],[[[-43.1679,-22.7676],[-43.1679,-22.7676]]],[[[-43.16,-22.77],[-43.16,-22.77]]],[[[-43.1404,-22.7817],[-43.1404,-22.7817]]],[[[-43.1496,-22.7867],[-43.1496,-22.7867]]],[[[-43.141,-22.7759],[-43.141,-22.7759]]],[[[-43.1376,-22.776],[-43.1376,-22.776]]],[[[-43.1055,-22.7767],[-43.1055,-22.7767]]],[[[-43.1378,-22.7827],[-43.1378,-22.7827]]],[[[-43.0725,-22.7744],[-43.0725,-22.7744]]],[[[-43.0734,-22.7736],[-43.0734,-22.7736]]],[[[-43.1102,-22.7644],[-43.1056,-22.7487],[-43.1102,-22.7644]]],[[[-43.1146,-22.7695],[-43.1146,-22.7695]]],[[[-43.1168,-22.7689],[-43.1168,-22.7689]]],[[[-43.1018,-22.7625],[-43.1018,-22.7625]]],[[[-43.1177,-22.7538],[-43.1177,-22.7538]]],[[[-43.1683,-22.7673],[-43.1683,-22.7673]]],[[[-43.1687,-22.7676],[-43.1687,-22.7676]]],[[[-43.1685,-22.7675],[-43.1685,-22.7675]]],[[[-43.1689,-22.7671],[-43.1689,-22.7671]]],[[[-43.1271,-22.7461],[-43.1271,-22.7461]]],[[[-43.1687,-22.7668],[-43.1687,-22.7668]]],[[[-43.1053,-22.6919],[-43.1053,-22.6919]]],[[[-43.0696,-22.7606],[-43.0696,-22.7606]]],[[[-43.0297,-22.7468],[-43.0297,-22.7468]]],[[[-43.064,-22.6943],[-43.064,-22.6943]]],[[[-43.0604,-22.6899],[-43.0604,-22.6899]]],[[[-41.0364,-21.464],[-41.0364,-21.464]]],[[[-41.0357,-21.4636],[-41.0357,-21.4636]]],[[[-41.0138,-21.615],[-41.0138,-21.615]]],[[[-41.0158,-21.6201],[-41.0158,-21.6201]]],[[[-41.0192,-21.6205],[-41.0192,-21.6205]]],[[[-41.0172,-21.6197],[-41.0172,-21.6197]]],[[[-41.0156,-21.6211],[-41.0156,-21.6211]]],[[[-41.0229,-21.6207],[-41.0229,-21.6207]]],[[[-41.028,-21.6214],[-41.028,-21.6214]]],[[[-41.0238,-21.6053],[-41.0459,-21.6162],[-41.0455,-21.5849],[-41.0238,-21.6053]]],[[[-41.0478,-21.5838],[-41.0478,-21.5838]]],[[[-41.1164,-22.0817],[-41.1164,-22.0817]]],[[[-41.759,-22.3847],[-41.759,-22.3847]]],[[[-41.7648,-22.3909],[-41.7648,-22.3909]]],[[[-41.7654,-22.392],[-41.7654,-22.392]]],[[[-41.9829,-22.597],[-41.9829,-22.597]]],[[[-41.946,-22.7365],[-41.946,-22.7365]]],[[[-41.9417,-22.541],[-41.9417,-22.541]]],[[[-41.9416,-22.5405],[-41.9416,-22.5405]]],[[[-41.946,-22.728],[-41.946,-22.728]]],[[[-41.9455,-22.7374],[-41.9455,-22.7374]]],[[[-41.9415,-22.7393],[-41.9415,-22.7393]]],[[[-41.9341,-22.54],[-41.9341,-22.54]]],[[[-41.934,-22.5405],[-41.934,-22.5405]]],[[[-41.9337,-22.5404],[-41.9337,-22.5404]]],[[[-41.9406,-22.7361],[-41.9406,-22.7361]]],[[[-41.9339,-22.5415],[-41.9339,-22.5415]]],[[[-41.9351,-22.5408],[-41.9351,-22.5408]]],[[[-41.9429,-22.5398],[-41.9429,-22.5398]]],[[[-41.9359,-22.5392],[-41.9359,-22.5392]]],[[[-41.9358,-22.5395],[-41.9358,-22.5395]]],[[[-41.8644,-22.4793],[-41.8644,-22.4793]]],[[[-41.8485,-22.479],[-41.8485,-22.479]]],[[[-41.8498,-22.4789],[-41.8498,-22.4789]]],[[[-41.8509,-22.4787],[-41.8509,-22.4787]]],[[[-41.8615,-22.475],[-41.8615,-22.475]]],[[[-41.8561,-22.468],[-41.8561,-22.468]]],[[[-41.8538,-22.4626],[-41.8538,-22.4626]]],[[[-41.8509,-22.4651],[-41.8509,-22.4651]]],[[[-41.8519,-22.464],[-41.8519,-22.464]]],[[[-41.8523,-22.4627],[-41.8523,-22.4627]]],[[[-41.8542,-22.4552],[-41.8542,-22.4552]]],[[[-41.8508,-22.454],[-41.8508,-22.454]]],[[[-41.8543,-22.4549],[-41.8543,-22.4549]]],[[[-41.8547,-22.4571],[-41.8547,-22.4571]]],[[[-41.855,-22.457],[-41.855,-22.457]]],[[[-41.8566,-22.4745],[-41.8566,-22.4745]]],[[[-41.8575,-22.4732],[-41.8575,-22.4732]]],[[[-41.8278,-22.4243],[-41.8278,-22.4243]]],[[[-41.828,-22.4246],[-41.828,-22.4246]]],[[[-41.8288,-22.4258],[-41.8288,-22.4258]]],[[[-41.6853,-22.3996],[-41.6853,-22.3996]]],[[[-41.6928,-22.3967],[-41.6928,-22.3967]]],[[[-41.6886,-22.4013],[-41.6886,-22.4013]]],[[[-41.6905,-22.4035],[-41.6905,-22.4035]]],[[[-41.8277,-22.4246],[-41.8277,-22.4246]]],[[[-41.8005,-22.41],[-41.8005,-22.41]]],[[[-41.7154,-22.4186],[-41.7154,-22.4186]]],[[[-41.7022,-22.4052],[-41.702,-22.4208],[-41.7022,-22.4052]]],[[[-41.8843,-22.4879],[-41.8843,-22.4879]]],[[[-41.8848,-22.4896],[-41.8848,-22.4896]]],[[[-41.8836,-22.4898],[-41.8836,-22.4898]]],[[[-41.8848,-22.4898],[-41.8848,-22.4898]]],[[[-41.9037,-22.7557],[-41.9037,-22.7557]]],[[[-41.909,-22.5372],[-41.909,-22.5372]]],[[[-41.9168,-22.5326],[-41.9168,-22.5326]]],[[[-41.9186,-22.5315],[-41.9186,-22.5315]]],[[[-41.9196,-22.5267],[-41.9196,-22.5267]]],[[[-41.9188,-22.5326],[-41.9188,-22.5326]]],[[[-41.9205,-22.7218],[-41.9205,-22.7218]]],[[[-41.9094,-22.5365],[-41.9094,-22.5365]]],[[[-41.9025,-22.7836],[-41.9025,-22.7836]]],[[[-41.9,-22.7823],[-41.9,-22.7823]]],[[[-41.8963,-22.7863],[-41.8963,-22.7863]]],[[[-41.8921,-22.7848],[-41.8921,-22.7848]]],[[[-41.8998,-22.7827],[-41.8998,-22.7827]]],[[[-41.8871,-22.7529],[-41.8871,-22.7529]]],[[[-41.8732,-22.7309],[-41.8732,-22.7309]]],[[[-41.8722,-22.7668],[-41.8722,-22.7668]]],[[[-41.8292,-22.7845],[-41.8292,-22.7845]]],[[[-41.8289,-22.7848],[-41.8289,-22.7848]]],[[[-41.7872,-22.7689],[-41.7872,-22.7689]]],[[[-41.8221,-22.7721],[-41.8221,-22.7721]]],[[[-41.9232,-22.8126],[-41.9232,-22.8126]]],[[[-41.9196,-22.8157],[-41.9196,-22.8157]]],[[[-41.9186,-22.8157],[-41.9186,-22.8157]]],[[[-41.9175,-22.8163],[-41.9175,-22.8163]]],[[[-41.8899,-22.8442],[-41.8899,-22.8442]]],[[[-41.9032,-22.8503],[-41.9032,-22.8503]]],[[[-41.9032,-22.8515],[-41.9032,-22.8515]]],[[[-41.9366,-22.8626],[-41.9479,-22.8741],[-41.9366,-22.8626]]],[[[-41.9221,-22.8635],[-41.9221,-22.8635]]],[[[-41.9201,-22.8635],[-41.9201,-22.8635]]],[[[-41.9382,-22.8704],[-41.9382,-22.8704]]],[[[-41.9498,-22.8713],[-41.9498,-22.8713]]],[[[-41.9395,-22.877],[-41.9395,-22.877]]],[[[-41.9591,-22.8841],[-41.9591,-22.8841]]],[[[-41.9609,-22.8855],[-41.9609,-22.8855]]],[[[-43.0991,-22.7886],[-43.0991,-22.7886]]],[[[-43.1492,-22.7889],[-43.1492,-22.7889]]],[[[-43.1015,-22.7899],[-43.1015,-22.7899]]],[[[-43.1049,-22.7903],[-43.1049,-22.7903]]],[[[-43.1514,-22.7893],[-43.1514,-22.7893]]],[[[-43.1522,-22.7904],[-43.1522,-22.7904]]],[[[-43.1557,-22.7921],[-43.1557,-22.7921]]],[[[-43.1558,-22.7919],[-43.1558,-22.7919]]],[[[-43.1558,-22.794],[-43.1558,-22.794]]],[[[-43.1555,-22.7919],[-43.1555,-22.7919]]],[[[-43.1557,-22.7919],[-43.1557,-22.7919]]],[[[-43.1557,-22.7918],[-43.1557,-22.7918]]],[[[-43.1555,-22.7919],[-43.1555,-22.7919]]],[[[-43.1555,-22.7919],[-43.1555,-22.7919]]],[[[-43.1554,-22.7918],[-43.1554,-22.7918]]],[[[-43.1038,-22.7907],[-43.1038,-22.7907]]],[[[-43.1555,-22.7918],[-43.1555,-22.7918]]],[[[-43.1554,-22.792],[-43.1554,-22.792]]],[[[-43.155,-22.7941],[-43.155,-22.7941]]],[[[-43.1548,-22.7941],[-43.1548,-22.7941]]],[[[-43.155,-22.7941],[-43.155,-22.7941]]],[[[-43.1555,-22.7946],[-43.1555,-22.7946]]],[[[-43.1549,-22.7942],[-43.1549,-22.7942]]],[[[-43.121,-22.7963],[-43.121,-22.7963]]],[[[-43.1232,-22.7992],[-43.1232,-22.7992]]],[[[-43.1171,-22.8037],[-43.1171,-22.8037]]],[[[-43.112,-22.797],[-43.112,-22.797]]],[[[-43.1092,-22.8016],[-43.1092,-22.8016]]],[[[-43.1202,-22.806],[-43.1202,-22.806]]],[[[-43.1233,-22.807],[-43.1233,-22.807]]],[[[-43.1577,-22.7999],[-43.1577,-22.7999]]],[[[-43.1688,-22.7998],[-43.1688,-22.7998]]],[[[-43.1622,-22.8112],[-43.1622,-22.8112]]],[[[-43.1558,-22.7946],[-43.1558,-22.7946]]],[[[-43.1559,-22.7943],[-43.1559,-22.7943]]],[[[-43.1627,-22.8194],[-43.1627,-22.8194]]],[[[-43.0931,-22.8213],[-43.0931,-22.8213]]],[[[-43.2583,-22.8245],[-43.2583,-22.8245]]],[[[-43.2545,-22.8255],[-43.2545,-22.8255]]],[[[-43.2553,-22.8242],[-43.2553,-22.8242]]],[[[-43.173,-22.8384],[-43.173,-22.8384]]],[[[-43.1098,-22.831],[-43.1098,-22.831]]],[[[-43.1671,-22.8292],[-43.1671,-22.8292]]],[[[-43.2172,-22.8703],[-43.2425,-22.837],[-43.2172,-22.8703]]],[[[-43.1266,-22.8638],[-43.1266,-22.8638]]],[[[-43.1332,-22.868],[-43.1332,-22.868]]],[[[-43.1753,-22.8829],[-43.1753,-22.8829]]],[[[-43.1198,-22.8748],[-43.1198,-22.8748]]],[[[-43.1168,-22.8588],[-43.1168,-22.8588]]],[[[-43.1158,-22.8537],[-43.1158,-22.8537]]],[[[-43.1077,-22.8467],[-43.1077,-22.8467]]],[[[-43.1051,-22.8482],[-43.1051,-22.8482]]],[[[-43.1958,-22.8871],[-43.1958,-22.8871]]],[[[-43.2092,-22.8864],[-43.2092,-22.8864]]],[[[-43.203,-23.0253],[-43.203,-23.0253]]],[[[-43.2001,-23.0376],[-43.2001,-23.0376]]],[[[-43.1987,-23.0734],[-43.1987,-23.0734]]],[[[-43.1956,-23.0339],[-43.1956,-23.0339]]],[[[-43.1945,-23.0672],[-43.1945,-23.0672]]],[[[-43.1931,-23.0317],[-43.1931,-23.0317]]],[[[-43.1918,-23.0292],[-43.1918,-23.0292]]],[[[-43.1912,-23.0253],[-43.1912,-23.0253]]],[[[-43.1825,-23.0223],[-43.1825,-23.0223]]],[[[-43.1482,-23.0596],[-43.1482,-23.0596]]],[[[-43.0829,-22.9859],[-43.0829,-22.9859]]],[[[-43.0547,-22.9811],[-43.0547,-22.9811]]],[[[-43.0623,-22.9823],[-43.0623,-22.9823]]],[[[-43.1473,-22.9618],[-43.1473,-22.9618]]],[[[-43.1021,-22.9569],[-43.1021,-22.9569]]],[[[-43.1153,-22.952],[-43.1153,-22.952]]],[[[-43.146,-22.9344],[-43.146,-22.9344]]],[[[-43.1485,-22.9355],[-43.1485,-22.9355]]],[[[-43.1017,-22.9313],[-43.1017,-22.9313]]],[[[-43.1589,-22.9126],[-43.1589,-22.9126]]],[[[-43.1308,-22.909],[-43.1308,-22.909]]],[[[-43.126,-22.9105],[-43.126,-22.9105]]],[[[-43.1715,-22.8942],[-43.1715,-22.8942]]],[[[-43.1667,-22.8973],[-43.1667,-22.8973]]],[[[-41.9838,-22.891],[-41.9838,-22.891]]],[[[-42.0288,-22.9399],[-42.0288,-22.9399]]],[[[-42.468,-22.9437],[-42.468,-22.9437]]],[[[-42.4753,-22.9392],[-42.4753,-22.9392]]],[[[-42.4759,-22.9402],[-42.4759,-22.9402]]],[[[-42.4746,-22.9388],[-42.4746,-22.9388]]],[[[-42.4734,-22.9385],[-42.4734,-22.9385]]],[[[-42.4744,-22.9384],[-42.4744,-22.9384]]],[[[-42.9291,-23.0249],[-42.9291,-23.0249]]],[[[-42.9252,-23.0211],[-42.9252,-23.0211]]],[[[-42.9149,-23.0081],[-42.9149,-23.0081]]],[[[-42.9074,-23.0047],[-42.9074,-23.0047]]],[[[-42.9071,-23.0065],[-42.9071,-23.0065]]],[[[-42.6912,-22.9623],[-42.6912,-22.9623]]],[[[-41.9921,-22.963],[-41.9921,-22.963]]],[[[-42.0373,-22.9814],[-42.0373,-22.9814]]],[[[-42.0374,-22.9846],[-42.0374,-22.9846]]],[[[-41.9776,-22.9785],[-42.0049,-23.0138],[-42.013,-22.9989],[-41.9776,-22.9785]]]]}},{"type":"Feature","properties":{"sigla":"SP","nome":"São Paulo","regiao":"Sudeste"},"geometry":{"type":"MultiPolygon","coordinates":[[[[-46.4731,-22.705],[-46.3345,-22.7603],[-46.3842,-22.87],[-46.3563,-22.9003],[-46.2669,-22.8757],[-46.2382,-22.8942],[-46.145,-22.8572],[-46.1391,-22.9228],[-46.0952,-22.8944],[-46.008,-22.8895],[-45.9123,-22.8164],[-45.8885,-22.876],[-45.8397,-22.8325],[-45.7819,-22.8553],[-45.7549,-22.7929],[-45.7136,-22.8148],[-45.7281,-22.7237],[-45.7956,-22.739],[-45.8199,-22.7227],[-45.7428,-22.6592],[-45.694,-22.6517],[-45.7374,-22.6085],[-45.7185,-22.578],[-45.6606,-22.5778],[-45.6811,-22.6363],[-45.6662,-22.6512],[-45.5765,-22.6017],[-45.5554,-22.6264],[-45.5844,-22.6517],[-45.5399,-22.6526],[-45.4888,-22.6288],[-45.4739,-22.5889],[-45.3979,-22.6534],[-45.333,-22.6176],[-45.2742,-22.6162],[-45.2602,-22.5821],[-45.178,-22.5499],[-45.1396,-22.5017],[-45.0284,-22.4632],[-44.9659,-22.4752],[-44.8054,-22.4038],[-44.7339,-22.4329],[-44.7162,-22.5142],[-44.671,-22.5367],[-44.6774,-22.5615],[-44.6444,-22.5556],[-44.6402,-22.6081],[-44.5837,-22.6262],[-44.5503,-22.6038],[-44.5263,-22.6193],[-44.535,-22.6381],[-44.5086,-22.6409],[-44.4849,-22.6039],[-44.4066,-22.6088],[-44.3824,-22.5735],[-44.356,-22.6149],[-44.345,-22.5878],[-44.2074,-22.612],[-44.1614,-22.6783],[-44.199,-22.7353],[-44.2571,-22.7663],[-44.2401,-22.7927],[-44.2723,-22.8321],[-44.4182,-22.8481],[-44.4662,-22.8854],[-44.4954,-22.847],[-44.7919,-22.9819],[-44.8227,-23.1601],[-44.8727,-23.1825],[-44.8893,-23.2266],[-44.724,-23.3686],[-44.842,-23.3881],[-44.8499,-23.3611],[-44.8907,-23.3725],[-44.8828,-23.3464],[-44.908,-23.3341],[-44.9777,-23.4006],[-45.0614,-23.4202],[-45.06,-23.4563],[-45.0179,-23.4609],[-45.0627,-23.4679],[-45.0818,-23.5215],[-45.0876,-23.4935],[-45.1241,-23.5029],[-45.1127,-23.5264],[-45.1691,-23.4928],[-45.162,-23.5419],[-45.1949,-23.5203],[-45.2275,-23.5371],[-45.211,-23.5827],[-45.2633,-23.5966],[-45.2976,-23.5722],[-45.369,-23.6304],[-45.4075,-23.6243],[-45.4305,-23.6827],[-45.4197,-23.7259],[-45.3971,-23.7237],[-45.4125,-23.7537],[-45.3961,-23.8091],[-45.4233,-23.8297],[-45.467,-23.8191],[-45.5143,-23.8422],[-45.5602,-23.7925],[-45.6231,-23.8051],[-45.6431,-23.7777],[-45.7659,-23.7625],[-45.9269,-23.7719],[-46.0471,-23.832],[-46.0662,-23.8146],[-46.1266,-23.8427],[-46.1462,-23.9058],[-46.1789,-23.9242],[-46.1604,-23.9455],[-46.1822,-23.9911],[-46.2474,-23.9939],[-46.2831,-24.0433],[-46.295,-24.016],[-46.3244,-24.0223],[-46.3175,-23.9791],[-46.3779,-23.9695],[-46.3989,-24.0335],[-46.4156,-24.0157],[-46.4843,-24.0349],[-46.8203,-24.2042],[-46.9957,-24.3274],[-47.0084,-24.4145],[-47.1408,-24.4895],[-47.227,-24.5713],[-47.5919,-24.7779],[-47.8003,-24.9368],[-47.8869,-25.0513],[-47.9095,-25.0529],[-47.8947,-25.1055],[-47.9139,-25.1592],[-48.0995,-25.3123],[-48.0276,-25.2205],[-48.1149,-25.2507],[-48.1914,-25.1962],[-48.1569,-25.1447],[-48.2045,-25.0997],[-48.2095,-25.0272],[-48.2503,-24.9774],[-48.2779,-25.033],[-48.2973,-25.0235],[-48.3337,-25.0706],[-48.3241,-25.0367],[-48.4112,-24.9802],[-48.474,-25.0126],[-48.5286,-25.1008],[-48.5827,-25.0516],[-48.6,-25.0061],[-48.5674,-24.9723],[-48.5721,-24.895],[-48.5448,-24.879],[-48.5645,-24.8343],[-48.4993,-24.739],[-48.5308,-24.7384],[-48.582,-24.6707],[-48.6378,-24.6777],[-48.6605,-24.7068],[-48.6787,-24.6709],[-48.6899,-24.6939],[-48.7573,-24.6799],[-48.7787,-24.6967],[-48.8273,-24.6545],[-48.9585,-24.6853],[-49.0094,-24.6604],[-49.0047,-24.6332],[-49.04,-24.6368],[-49.0644,-24.686],[-49.1805,-24.6717],[-49.2148,-24.7022],[-49.3054,-24.6736],[-49.316,-24.5555],[-49.2803,-24.5373],[-49.2965,-24.5019],[-49.2469,-24.4691],[-49.2355,-24.4096],[-49.2535,-24.405],[-49.2012,-24.3427],[-49.2838,-24.3081],[-49.3054,-24.2514],[-49.356,-24.2145],[-49.3366,-24.1376],[-49.43,-24.0885],[-49.5168,-23.9701],[-49.4997,-23.9592],[-49.5211,-23.9461],[-49.5116,-23.9259],[-49.557,-23.9227],[-49.6107,-23.8517],[-49.5609,-23.8159],[-49.5735,-23.756],[-49.5492,-23.704],[-49.6171,-23.6396],[-49.6002,-23.5356],[-49.6294,-23.5118],[-49.5956,-23.4404],[-49.5666,-23.4264],[-49.621,-23.3974],[-49.5904,-23.3828],[-49.6371,-23.3516],[-49.6265,-23.2829],[-49.6783,-23.1651],[-49.7305,-23.1414],[-49.7402,-23.0992],[-49.7892,-23.1033],[-49.8337,-23.0659],[-49.9116,-23.0511],[-49.8996,-23.002],[-49.9693,-22.9645],[-49.962,-22.9233],[-49.9862,-22.8975],[-49.9949,-22.9297],[-50.0479,-22.902],[-50.0675,-22.9275],[-50.2375,-22.9541],[-50.2734,-22.931],[-50.3362,-22.9504],[-50.3791,-22.9054],[-50.4189,-22.9139],[-50.4303,-22.9464],[-50.5061,-22.9454],[-50.5405,-22.9121],[-50.6085,-22.9242],[-50.6616,-22.8955],[-50.7364,-22.9634],[-50.804,-22.9457],[-50.793,-22.8944],[-50.8887,-22.7965],[-50.9407,-22.8053],[-51.1496,-22.7551],[-51.2283,-22.716],[-51.2652,-22.6677],[-51.4464,-22.653],[-51.4989,-22.6905],[-51.5596,-22.6972],[-51.6279,-22.6582],[-51.7182,-22.669],[-51.7357,-22.6243],[-51.8686,-22.6304],[-51.9405,-22.5673],[-52.1092,-22.5163],[-52.1488,-22.5493],[-52.1567,-22.6447],[-52.2226,-22.6755],[-52.2504,-22.6154],[-52.3131,-22.6365],[-52.4376,-22.6068],[-52.5027,-22.6346],[-52.5849,-22.5659],[-52.7017,-22.6277],[-52.8154,-22.597],[-52.8584,-22.608],[-52.9247,-22.5656],[-52.9849,-22.5763],[-53.0878,-22.6584],[-53.1101,-22.6102],[-53.0738,-22.5489],[-52.9986,-22.4932],[-52.8578,-22.4415],[-52.7458,-22.3433],[-52.4877,-22.2172],[-52.3772,-22.1067],[-52.3088,-21.9519],[-52.1906,-21.8461],[-52.1613,-21.7708],[-52.1029,-21.7453],[-52.0558,-21.6772],[-52.0521,-21.6366],[-52.1022,-21.5698],[-52.0931,-21.5378],[-52.062,-21.5033],[-51.9679,-21.5018],[-51.8653,-21.3489],[-51.8485,-21.2666],[-51.8796,-21.1994],[-51.8759,-21.1361],[-51.7897,-21.1021],[-51.7222,-20.9768],[-51.6236,-20.9444],[-51.6349,-20.7548],[-51.5941,-20.6438],[-51.5002,-20.5682],[-51.3481,-20.3595],[-51.1176,-20.2869],[-51.0589,-20.2352],[-50.9658,-20.0336],[-50.7902,-19.9396],[-50.6613,-19.909],[-50.5779,-19.8164],[-50.4719,-19.7797],[-50.3457,-19.8676],[-50.0972,-19.8755],[-50.0153,-19.9264],[-49.8556,-19.9468],[-49.5515,-19.9058],[-49.5035,-19.9199],[-49.4445,-19.9805],[-49.2595,-19.9638],[-49.2476,-19.9977],[-49.2963,-20.0156],[-49.3085,-20.1039],[-49.2452,-20.2821],[-49.1726,-20.3125],[-49.1224,-20.2735],[-49.0675,-20.1547],[-49.0004,-20.1607],[-48.9618,-20.2633],[-48.9704,-20.3898],[-48.8982,-20.4419],[-48.8672,-20.4025],[-48.8865,-20.2712],[-48.8554,-20.1801],[-48.8257,-20.162],[-48.6421,-20.1665],[-48.5782,-20.1312],[-48.4911,-20.1381],[-48.4058,-20.1135],[-48.3171,-20.1133],[-48.2547,-20.1438],[-48.2177,-20.1253],[-48.2534,-20.0779],[-48.2348,-20.0283],[-48.1055,-20.1464],[-48.0202,-20.124],[-47.976,-20.0354],[-47.9341,-20.1079],[-47.8955,-20.1253],[-47.8562,-19.9905],[-47.7084,-19.9787],[-47.6348,-20.0492],[-47.5838,-19.9967],[-47.4683,-19.9614],[-47.4244,-20.0153],[-47.4387,-20.0511],[-47.257,-20.1662],[-47.2311,-20.2192],[-47.2982,-20.3484],[-47.2928,-20.4477],[-47.1511,-20.522],[-47.0969,-20.6445],[-47.1153,-20.7072],[-47.1656,-20.7015],[-47.1863,-20.7311],[-47.24,-20.8853],[-47.1478,-20.9725],[-47.1423,-21.0882],[-47.1132,-21.1049],[-47.1335,-21.1335],[-47.1188,-21.1858],[-47.0993,-21.2142],[-47.0622,-21.2092],[-47.0773,-21.2402],[-47.0523,-21.2465],[-46.9973,-21.3512],[-47.0115,-21.4223],[-46.9208,-21.4271],[-46.8321,-21.3665],[-46.7647,-21.3601],[-46.706,-21.4048],[-46.6655,-21.3612],[-46.6153,-21.4415],[-46.5765,-21.427],[-46.5093,-21.4699],[-46.5182,-21.6128],[-46.5646,-21.6787],[-46.6216,-21.6755],[-46.626,-21.7662],[-46.691,-21.837],[-46.6475,-21.8805],[-46.6738,-21.9111],[-46.6133,-22.015],[-46.6756,-22.0224],[-46.6648,-22.0689],[-46.7234,-22.0769],[-46.6468,-22.0919],[-46.5985,-22.1364],[-46.6463,-22.1813],[-46.6738,-22.1756],[-46.7233,-22.3066],[-46.6609,-22.366],[-46.6618,-22.4188],[-46.5548,-22.4466],[-46.5307,-22.4709],[-46.5421,-22.4944],[-46.5053,-22.517],[-46.407,-22.5399],[-46.4337,-22.5746],[-46.4048,-22.6209],[-46.4246,-22.6336],[-46.3931,-22.663],[-46.4798,-22.6775],[-46.4731,-22.705]]],[[[-48.0372,-25.3579],[-48.0372,-25.3579]]],[[[-47.9553,-25.2728],[-47.9553,-25.2728]]],[[[-47.909,-25.1661],[-47.909,-25.1661]]],[[[-47.8603,-25.1332],[-47.8603,-25.1332]]],[[[-47.8531,-25.1158],[-47.8648,-25.1284],[-47.8531,-25.1158]]],[[[-47.0311,-24.4288],[-47.0311,-24.4288]]],[[[-47.0073,-24.3962],[-47.0073,-24.3962]]],[[[-47.0047,-24.3678],[-47.0047,-24.3678]]],[[[-46.9995,-24.3496],[-46.9995,-24.3496]]],[[[-47.0004,-24.4092],[-47.0004,-24.4092]]],[[[-46.9995,-24.4085],[-46.9995,-24.4085]]],[[[-46.9936,-24.411],[-46.9936,-24.411]]],[[[-46.9873,-24.3839],[-46.9873,-24.3839]]],[[[-46.9848,-24.3792],[-46.9848,-24.3792]]],[[[-46.8906,-24.2537],[-46.8906,-24.2537]]],[[[-46.9794,-24.3609],[-46.9794,-24.3609]]],[[[-46.8069,-24.374],[-46.8069,-24.374]]],[[[-46.804,-24.3753],[-46.804,-24.3753]]],[[[-46.793,-24.1938],[-46.793,-24.1938]]],[[[-44.887,-23.3889],[-44.887,-23.3889]]],[[[-44.9349,-23.3848],[-44.9349,-23.3848]]],[[[-44.8875,-23.3837],[-44.8875,-23.3837]]],[[[-44.9018,-23.3757],[-44.9018,-23.3757]]],[[[-44.9033,-23.351],[-44.9033,-23.351]]],[[[-44.8925,-23.3527],[-44.8925,-23.3527]]],[[[-44.9081,-23.3373],[-44.9081,-23.3373]]],[[[-44.9453,-23.3835],[-44.9453,-23.3835]]],[[[-44.9359,-23.387],[-44.9359,-23.387]]],[[[-44.9388,-23.3911],[-44.9388,-23.3911]]],[[[-44.8493,-23.3986],[-44.8493,-23.3986]]],[[[-44.8562,-23.3999],[-44.8562,-23.3999]]],[[[-44.8972,-23.4026],[-44.8972,-23.4026]]],[[[-44.936,-23.4126],[-44.936,-23.4126]]],[[[-45.0084,-23.4137],[-45.0084,-23.4137]]],[[[-44.8522,-23.4101],[-44.8596,-23.4251],[-44.8522,-23.4101]]],[[[-44.8498,-23.4051],[-44.8498,-23.4051]]],[[[-44.8597,-23.4219],[-44.8597,-23.4219]]],[[[-44.9018,-23.4267],[-44.9018,-23.4267]]],[[[-45.0581,-23.4679],[-45.0581,-23.4679]]],[[[-45.0525,-23.4686],[-45.0525,-23.4686]]],[[[-45.1022,-23.4996],[-45.1022,-23.4996]]],[[[-45.0418,-23.5186],[-45.0418,-23.5186]]],[[[-45.2117,-23.5319],[-45.2117,-23.5319]]],[[[-45.1541,-23.534],[-45.1541,-23.534]]],[[[-45.023,-23.5437],[-45.023,-23.5437]]],[[[-45.0257,-23.5444],[-45.0257,-23.5444]]],[[[-45.0788,-23.5275],[-45.0408,-23.5412],[-45.0777,-23.5612],[-45.0788,-23.5275]]],[[[-45.1548,-23.5478],[-45.1548,-23.5478]]],[[[-45.0243,-23.55],[-45.0243,-23.55]]],[[[-45.2159,-23.5486],[-45.2159,-23.5486]]],[[[-45.1552,-23.5508],[-45.1552,-23.5508]]],[[[-45.1513,-23.5582],[-45.1513,-23.5582]]],[[[-45.0768,-23.5621],[-45.0768,-23.5621]]],[[[-45.1559,-23.5602],[-45.1449,-23.5711],[-45.1559,-23.5602]]],[[[-45.3115,-23.5842],[-45.3115,-23.5842]]],[[[-45.31,-23.5859],[-45.31,-23.5859]]],[[[-45.2893,-23.5923],[-45.2893,-23.5923]]],[[[-46.6904,-24.2377],[-46.6904,-24.2377]]],[[[-46.6762,-24.4782],[-46.6762,-24.4782]]],[[[-46.1285,-23.8848],[-46.1285,-23.8848]]],[[[-46.1339,-23.8713],[-46.1339,-23.8713]]],[[[-46.168,-23.9148],[-46.168,-23.9148]]],[[[-46.1359,-23.8923],[-46.1359,-23.8923]]],[[[-46.1699,-23.9271],[-46.1699,-23.9271]]],[[[-45.8004,-23.7737],[-45.8004,-23.7737]]],[[[-45.7468,-23.772],[-45.7468,-23.772]]],[[[-45.7534,-23.7697],[-45.7534,-23.7697]]],[[[-45.3655,-23.8071],[-45.3336,-23.7226],[-45.2631,-23.7416],[-45.2298,-23.7763],[-45.2484,-23.8248],[-45.2268,-23.8371],[-45.2739,-23.8387],[-45.2909,-23.8661],[-45.2232,-23.9034],[-45.2405,-23.9627],[-45.269,-23.965],[-45.2917,-23.9103],[-45.4281,-23.9412],[-45.4596,-23.9158],[-45.4619,-23.8881],[-45.3655,-23.8071]]],[[[-45.02,-23.7352],[-45.02,-23.7352]]],[[[-45.0297,-23.7373],[-45.0297,-23.7373]]],[[[-45.017,-23.7392],[-45.0148,-23.7613],[-45.017,-23.7392]]],[[[-45.1388,-23.7897],[-45.1172,-23.8123],[-45.1564,-23.8105],[-45.1388,-23.7897]]],[[[-45.6677,-23.8041],[-45.6677,-23.8041]]],[[[-45.7047,-23.7876],[-45.7047,-23.7876]]],[[[-45.7187,-23.7987],[-45.7187,-23.7987]]],[[[-45.5418,-23.8273],[-45.5418,-23.8273]]],[[[-46.0256,-23.8256],[-46.0256,-23.8256]]],[[[-45.7748,-23.8589],[-45.787,-23.8685],[-45.7748,-23.8589]]],[[[-45.5229,-23.8459],[-45.5229,-23.8459]]],[[[-45.47,-23.8239],[-45.47,-23.8239]]],[[[-45.4435,-23.8312],[-45.4435,-23.8312]]],[[[-45.4177,-23.8531],[-45.4177,-23.8531]]],[[[-45.3931,-23.8302],[-45.3931,-23.8302]]],[[[-45.4129,-23.8279],[-45.4129,-23.8279]]],[[[-45.4072,-23.8148],[-45.4072,-23.8148]]],[[[-45.4062,-23.8163],[-45.4062,-23.8163]]],[[[-45.4061,-23.8138],[-45.4061,-23.8138]]],[[[-45.2272,-23.8112],[-45.2272,-23.8112]]],[[[-45.1532,-23.8261],[-45.1532,-23.8261]]],[[[-45.2865,-23.8609],[-45.2865,-23.8609]]],[[[-45.278,-23.8501],[-45.278,-23.8501]]],[[[-45.3251,-23.9194],[-45.3251,-23.9194]]],[[[-45.3005,-23.9228],[-45.3005,-23.9228]]],[[[-45.2975,-23.9207],[-45.2975,-23.9207]]],[[[-45.2964,-23.9193],[-45.2964,-23.9193]]],[[[-45.2589,-23.8891],[-45.2589,-23.8891]]],[[[-45.2628,-23.8878],[-45.2628,-23.8878]]],[[[-46.1677,-23.9663],[-46.1677,-23.9663]]],[[[-46.3526,-23.975],[-46.3526,-23.975]]],[[[-46.3678,-23.9825],[-46.3678,-23.9825]]],[[[-46.3246,-24.0081],[-46.3246,-24.0081]]],[[[-46.2946,-24.0283],[-46.2946,-24.0283]]],[[[-46.2927,-24.0246],[-46.2927,-24.0246]]],[[[-46.2707,-24.0499],[-46.2707,-24.0499]]],[[[-46.2605,-24.0451],[-46.2605,-24.0451]]],[[[-46.2545,-24.0014],[-46.2545,-24.0014]]],[[[-46.1763,-23.9703],[-46.1763,-23.9703]]],[[[-46.1809,-23.9707],[-46.1809,-23.9707]]],[[[-46.217,-24.0089],[-46.217,-24.0089]]],[[[-45.6558,-24.0768],[-45.6558,-24.0768]]],[[[-45.7175,-24.0774],[-45.7175,-24.0774]]],[[[-45.7164,-24.0802],[-45.7164,-24.0802]]],[[[-45.6588,-24.0892],[-45.6588,-24.0892]]],[[[-45.663,-24.0837],[-45.663,-24.0837]]],[[[-45.7046,-24.094],[-45.7046,-24.094]]],[[[-46.1825,-24.3213],[-46.1825,-24.3213]]],[[[-46.1624,-24.3311],[-46.1624,-24.3311]]],[[[-45.7024,-24.0966],[-45.7024,-24.0966]]],[[[-45.6898,-24.0917],[-45.7063,-24.1132],[-45.6898,-24.0917]]]]}},{"type":"Feature","properties":{"sigla":"PR","nome":"Paraná","regiao":"Sul"},"geometry":{"type":"MultiPolygon","coordinates":[[[[-48.3097,-25.4933],[-48.2769,-25.5141],[-48.2988,-25.5669],[-48.434,-25.6461],[-48.5349,-25.8528],[-48.5647,-25.8564],[-48.6014,-25.9808],[-48.6444,-25.9558],[-48.682,-25.9837],[-48.9605,-25.9808],[-49.0541,-26.0209],[-49.0717,-26.0004],[-49.1258,-25.9961],[-49.1402,-26.0159],[-49.175,-26.0001],[-49.2383,-26.031],[-49.2665,-26.0808],[-49.2935,-26.0825],[-49.2896,-26.1038],[-49.3702,-26.1558],[-49.4609,-26.1623],[-49.5045,-26.2266],[-49.538,-26.2129],[-49.5596,-26.237],[-49.5787,-26.2135],[-49.5912,-26.2316],[-49.6346,-26.209],[-49.6305,-26.1911],[-49.6445,-26.2101],[-49.6537,-26.187],[-49.6912,-26.1893],[-49.6769,-26.1761],[-49.7115,-26.1543],[-49.7274,-26.1715],[-49.7247,-26.1445],[-49.7683,-26.1043],[-49.7783,-26.1199],[-49.8415,-26.0772],[-49.8317,-26.0531],[-49.9351,-26.0331],[-49.9417,-26.0084],[-49.9717,-26.0584],[-49.9775,-26.0137],[-50.0109,-26.0133],[-50.0056,-26.0461],[-50.0362,-26.027],[-50.0762,-26.0464],[-50.0827,-26.0241],[-50.1184,-26.0636],[-50.1316,-26.0423],[-50.1482,-26.0583],[-50.1402,-26.0266],[-50.1703,-26.0252],[-50.1534,-26.0418],[-50.1803,-26.079],[-50.2512,-26.0305],[-50.2518,-26.0514],[-50.3317,-26.0834],[-50.3243,-26.1353],[-50.4438,-26.0343],[-50.548,-26.0396],[-50.5702,-26.002],[-50.5915,-26.0415],[-50.5519,-26.0576],[-50.631,-26.0646],[-50.6566,-26.1018],[-50.6489,-26.1312],[-50.7311,-26.2058],[-50.7164,-26.245],[-50.7807,-26.2252],[-50.8386,-26.2715],[-50.8686,-26.2414],[-50.9016,-26.2893],[-50.9325,-26.2345],[-50.9453,-26.2827],[-50.999,-26.2311],[-51.0568,-26.2439],[-51.0789,-26.2274],[-51.1043,-26.2761],[-51.2072,-26.2963],[-51.248,-26.3299],[-51.251,-26.3744],[-51.3005,-26.4179],[-51.2531,-26.4623],[-51.2732,-26.4983],[-51.2154,-26.5674],[-51.2271,-26.6152],[-51.2834,-26.6536],[-51.3911,-26.6632],[-51.4115,-26.7171],[-51.5056,-26.5815],[-51.631,-26.5878],[-51.6662,-26.5638],[-51.8735,-26.5994],[-52.0088,-26.5666],[-52.0814,-26.5251],[-52.1005,-26.4817],[-52.1863,-26.4451],[-52.2298,-26.467],[-52.4,-26.4231],[-52.4592,-26.4411],[-52.5245,-26.3991],[-52.6027,-26.4154],[-52.6786,-26.3527],[-52.7378,-26.3422],[-52.9422,-26.3628],[-52.9884,-26.3458],[-53.0932,-26.392],[-53.2645,-26.2893],[-53.2836,-26.2458],[-53.3049,-26.2605],[-53.3761,-26.2416],[-53.4614,-26.2964],[-53.5525,-26.2931],[-53.5863,-26.2559],[-53.64,-26.2525],[-53.6503,-26.1947],[-53.7415,-26.116],[-53.734,-26.043],[-53.836,-25.9719],[-53.8428,-25.9337],[-53.8203,-25.9273],[-53.8351,-25.9117],[-53.8194,-25.8986],[-53.8498,-25.8837],[-53.8233,-25.8721],[-53.8499,-25.8395],[-53.822,-25.7936],[-53.8571,-25.7662],[-53.835,-25.75],[-53.8665,-25.744],[-53.8795,-25.7076],[-53.8421,-25.6881],[-53.8625,-25.6586],[-53.8903,-25.661],[-53.8903,-25.6235],[-53.9123,-25.6362],[-53.9486,-25.6116],[-53.9557,-25.6465],[-54.0108,-25.5665],[-54.0521,-25.5851],[-54.0779,-25.5579],[-54.1018,-25.6181],[-54.1234,-25.5681],[-54.1037,-25.4944],[-54.1631,-25.5426],[-54.2064,-25.5417],[-54.1764,-25.5844],[-54.2305,-25.5628],[-54.2537,-25.5964],[-54.2883,-25.5544],[-54.3499,-25.607],[-54.387,-25.5981],[-54.4352,-25.6969],[-54.4926,-25.6184],[-54.5263,-25.6288],[-54.5529,-25.5882],[-54.5935,-25.5922],[-54.6202,-25.456],[-54.5016,-25.2972],[-54.4617,-25.1865],[-54.4245,-25.1581],[-54.4635,-25.0569],[-54.3899,-24.7773],[-54.3311,-24.6905],[-54.3265,-24.4652],[-54.2582,-24.3659],[-54.2774,-24.2914],[-54.3307,-24.2303],[-54.3398,-24.1227],[-54.1018,-23.952],[-54.0805,-23.7809],[-53.9866,-23.4648],[-53.7755,-23.3751],[-53.7413,-23.3356],[-53.6366,-23.125],[-53.6346,-23.0007],[-53.6074,-22.9513],[-53.5419,-22.8862],[-53.3595,-22.7796],[-53.1935,-22.7253],[-53.1052,-22.6219],[-53.0878,-22.6584],[-52.9724,-22.5705],[-52.7083,-22.6281],[-52.5849,-22.5659],[-52.5027,-22.6346],[-52.4376,-22.6068],[-52.3131,-22.6365],[-52.2504,-22.6154],[-52.2226,-22.6755],[-52.1567,-22.6447],[-52.1488,-22.5493],[-52.1092,-22.5163],[-51.9405,-22.5673],[-51.8686,-22.6304],[-51.7357,-22.6243],[-51.7182,-22.669],[-51.6279,-22.6582],[-51.5596,-22.6972],[-51.4989,-22.6905],[-51.4464,-22.653],[-51.2652,-22.6677],[-51.2283,-22.716],[-51.1496,-22.7551],[-50.9407,-22.8053],[-50.8887,-22.7965],[-50.793,-22.8944],[-50.804,-22.9457],[-50.7364,-22.9634],[-50.6616,-22.8955],[-50.6085,-22.9242],[-50.5405,-22.9121],[-50.5061,-22.9454],[-50.4303,-22.9464],[-50.4189,-22.9139],[-50.3791,-22.9054],[-50.3362,-22.9504],[-50.2734,-22.931],[-50.2375,-22.9541],[-50.0675,-22.9275],[-50.0479,-22.902],[-49.9949,-22.9297],[-49.9981,-22.9002],[-49.9752,-22.9045],[-49.9693,-22.9645],[-49.8996,-23.002],[-49.9116,-23.0511],[-49.8337,-23.0659],[-49.7892,-23.1033],[-49.7402,-23.0992],[-49.7305,-23.1414],[-49.6783,-23.1651],[-49.6265,-23.2829],[-49.6371,-23.3516],[-49.5904,-23.3828],[-49.621,-23.3974],[-49.5666,-23.4264],[-49.5956,-23.4404],[-49.6294,-23.5118],[-49.6002,-23.5356],[-49.6171,-23.6396],[-49.5492,-23.704],[-49.5735,-23.756],[-49.5609,-23.8159],[-49.6107,-23.8517],[-49.557,-23.9227],[-49.5116,-23.9259],[-49.5211,-23.9461],[-49.4997,-23.9592],[-49.5168,-23.9701],[-49.43,-24.0885],[-49.3366,-24.1376],[-49.356,-24.2145],[-49.3054,-24.2514],[-49.2838,-24.3081],[-49.2012,-24.3427],[-49.2535,-24.405],[-49.2355,-24.4096],[-49.2469,-24.4691],[-49.2965,-24.5019],[-49.2803,-24.5373],[-49.316,-24.5555],[-49.312,-24.6635],[-49.2757,-24.6944],[-49.2118,-24.7024],[-49.1805,-24.6717],[-49.0613,-24.6853],[-49.04,-24.6368],[-49.0047,-24.6332],[-49.0094,-24.6604],[-48.9585,-24.6853],[-48.8273,-24.6545],[-48.7787,-24.6967],[-48.7573,-24.6799],[-48.6899,-24.6939],[-48.6787,-24.6709],[-48.6605,-24.7068],[-48.604,-24.6683],[-48.5308,-24.7384],[-48.5003,-24.7373],[-48.5558,-24.8062],[-48.5667,-24.864],[-48.5448,-24.879],[-48.5721,-24.895],[-48.5674,-24.9723],[-48.6008,-25.0105],[-48.556,-25.0866],[-48.5286,-25.1008],[-48.474,-25.0126],[-48.4112,-24.9802],[-48.3241,-25.0367],[-48.3304,-25.0697],[-48.2973,-25.0235],[-48.2779,-25.033],[-48.2503,-24.9774],[-48.2095,-25.0272],[-48.2045,-25.0997],[-48.1569,-25.1447],[-48.1914,-25.1962],[-48.1149,-25.2507],[-48.0621,-25.2401],[-48.0574,-25.2183],[-48.0239,-25.2291],[-48.1623,-25.375],[-48.2149,-25.4741],[-48.3097,-25.4933]]],[[[-50.5881,-25.0128],[-50.5881,-25.0128]]],[[[-50.5867,-25.0373],[-50.5867,-25.0373]]],[[[-50.5822,-25.0372],[-50.5822,-25.0372]]],[[[-50.608,-25.0234],[-50.608,-25.0234]]],[[[-48.3638,-25.7362],[-48.3638,-25.7362]]],[[[-48.3711,-25.7341],[-48.3711,-25.7341]]],[[[-48.4074,-25.8427],[-48.4074,-25.8427]]]]}},{"type":"Feature","properties":{"sigla":"SC","nome":"Santa Catarina","regiao":"Sul"},"geometry":{"type":"MultiPolygon","coordinates":[[[[-49.2365,-26.0371],[-49.175,-26.0001],[-49.1402,-26.0159],[-49.1258,-25.9961],[-49.0717,-26.0004],[-49.0544,-26.021],[-48.9605,-25.9808],[-48.682,-25.9837],[-48.6444,-25.9558],[-48.6341,-25.9777],[-48.5953,-25.9768],[-48.6106,-26.0608],[-48.5888,-26.1545],[-48.5276,-26.1638],[-48.52,-26.2192],[-48.493,-26.2184],[-48.593,-26.409],[-48.6885,-26.6798],[-48.6689,-26.7669],[-48.5838,-26.7858],[-48.6275,-26.8333],[-48.6437,-26.9049],[-48.6215,-26.9257],[-48.6283,-26.9932],[-48.5691,-27.009],[-48.6087,-27.1153],[-48.564,-27.1557],[-48.5078,-27.1103],[-48.5043,-27.1436],[-48.4649,-27.144],[-48.499,-27.1729],[-48.4777,-27.2067],[-48.5131,-27.2215],[-48.5021,-27.1952],[-48.5423,-27.1826],[-48.6073,-27.2197],[-48.6155,-27.2717],[-48.5881,-27.3195],[-48.5392,-27.2991],[-48.5263,-27.4083],[-48.4835,-27.3783],[-48.4166,-27.3806],[-48.3914,-27.4353],[-48.3586,-27.4402],[-48.4257,-27.542],[-48.4192,-27.5928],[-48.5055,-27.7241],[-48.4837,-27.7855],[-48.5251,-27.7851],[-48.5443,-27.8299],[-48.6008,-27.8584],[-48.5731,-27.886],[-48.6254,-27.9552],[-48.6299,-28.0098],[-48.5978,-28.0301],[-48.6625,-28.18],[-48.6664,-28.2179],[-48.6454,-28.2346],[-48.6872,-28.2733],[-48.6975,-28.3378],[-48.742,-28.3914],[-48.7615,-28.5355],[-48.8136,-28.6063],[-49.0165,-28.6954],[-49.3147,-28.9008],[-49.7129,-29.3256],[-49.7454,-29.328],[-49.7421,-29.2988],[-49.8435,-29.2778],[-49.8579,-29.2324],[-49.9498,-29.2007],[-50.1143,-29.2576],[-50.041,-29.3551],[-50.123,-29.282],[-50.1287,-29.3036],[-50.1449,-29.2936],[-50.1388,-29.2535],[-50.1775,-29.2485],[-50.1407,-29.2378],[-50.134,-29.2079],[-50.1615,-29.2039],[-50.1396,-29.1922],[-50.0933,-29.2128],[-50.1127,-29.24],[-50.047,-29.2172],[-50.0913,-29.2198],[-50.0997,-29.1598],[-50.0572,-29.1579],[-50.0934,-29.1679],[-50.0753,-29.1884],[-50.0597,-29.1752],[-50.0679,-29.1955],[-50.0152,-29.1867],[-50.0134,-29.1268],[-49.9817,-29.1391],[-49.9926,-29.1177],[-49.9626,-29.1175],[-49.9683,-29.0842],[-49.9421,-29.0582],[-50.0044,-29.0724],[-49.961,-29.0508],[-49.9407,-29.0223],[-49.966,-29.0217],[-49.9202,-28.9788],[-49.958,-28.9626],[-49.9504,-28.9285],[-49.9687,-28.9221],[-49.9321,-28.8722],[-49.9699,-28.8765],[-49.9613,-28.7722],[-49.9217,-28.7455],[-49.9347,-28.7257],[-49.9049,-28.7076],[-49.9137,-28.7245],[-49.8826,-28.7174],[-49.8957,-28.7393],[-49.8748,-28.7446],[-49.8718,-28.703],[-49.842,-28.7142],[-49.8135,-28.687],[-49.838,-28.69],[-49.8392,-28.6665],[-49.7838,-28.6099],[-49.7789,-28.6295],[-49.6918,-28.6227],[-49.7492,-28.5465],[-49.7266,-28.5183],[-49.7708,-28.4943],[-49.7659,-28.4591],[-49.7823,-28.4967],[-49.8126,-28.4679],[-49.8408,-28.4964],[-49.8778,-28.4552],[-49.855,-28.444],[-49.8929,-28.4403],[-49.9016,-28.4648],[-49.9285,-28.4512],[-49.9444,-28.4827],[-49.9754,-28.439],[-50.0386,-28.4797],[-50.101,-28.4863],[-50.1262,-28.4745],[-50.1114,-28.4445],[-50.1283,-28.4289],[-50.1605,-28.4595],[-50.1393,-28.494],[-50.1563,-28.4979],[-50.178,-28.4523],[-50.2226,-28.4633],[-50.2468,-28.4283],[-50.2729,-28.4571],[-50.3296,-28.4342],[-50.3458,-28.4636],[-50.36,-28.4198],[-50.382,-28.447],[-50.4569,-28.4107],[-50.5275,-28.4039],[-50.537,-28.4297],[-50.5923,-28.3819],[-50.625,-28.3926],[-50.6966,-28.2678],[-50.7533,-28.2457],[-50.7644,-28.1892],[-50.7888,-28.1983],[-50.7861,-28.1417],[-50.8324,-28.1175],[-50.872,-28.1374],[-50.8759,-28.0951],[-50.9039,-28.0858],[-50.8754,-28.0402],[-50.9232,-28.012],[-50.9257,-27.9694],[-50.9843,-27.9403],[-51.019,-27.957],[-51.0165,-27.9255],[-51.056,-27.9037],[-51.0822,-27.8339],[-51.1289,-27.832],[-51.1346,-27.8037],[-51.1913,-27.7762],[-51.2412,-27.7783],[-51.2761,-27.724],[-51.31,-27.7181],[-51.3151,-27.6751],[-51.3735,-27.669],[-51.3828,-27.6246],[-51.4352,-27.6544],[-51.487,-27.5608],[-51.5477,-27.5591],[-51.5717,-27.5826],[-51.58,-27.5236],[-51.6311,-27.5415],[-51.6304,-27.4891],[-51.6556,-27.5198],[-51.6866,-27.479],[-51.7204,-27.5135],[-51.7535,-27.4872],[-51.7969,-27.49],[-51.793,-27.5312],[-51.8218,-27.5128],[-51.8515,-27.5246],[-51.8436,-27.4831],[-51.8631,-27.4752],[-51.8923,-27.5197],[-51.9025,-27.4611],[-51.9583,-27.4744],[-51.9358,-27.4287],[-52.0078,-27.4039],[-51.9521,-27.3802],[-52.0171,-27.3678],[-52.015,-27.3309],[-52.1033,-27.3467],[-52.1143,-27.305],[-52.168,-27.3123],[-52.1666,-27.2714],[-52.2159,-27.3325],[-52.2777,-27.3002],[-52.2385,-27.2621],[-52.3019,-27.2598],[-52.2965,-27.3181],[-52.3453,-27.2883],[-52.375,-27.3051],[-52.3858,-27.2535],[-52.3981,-27.2926],[-52.4391,-27.2644],[-52.4376,-27.2162],[-52.4798,-27.2355],[-52.4832,-27.2672],[-52.5498,-27.2383],[-52.6332,-27.2655],[-52.6676,-27.2378],[-52.692,-27.2845],[-52.7162,-27.236],[-52.7576,-27.2575],[-52.7636,-27.2112],[-52.8426,-27.2102],[-52.8525,-27.1699],[-52.9293,-27.2041],[-52.9567,-27.1633],[-52.9844,-27.2215],[-53.0026,-27.1976],[-52.9917,-27.141],[-53.0426,-27.1499],[-53.0175,-27.099],[-53.0321,-27.0823],[-53.0767,-27.1078],[-53.0775,-27.1631],[-53.1322,-27.1802],[-53.1624,-27.1407],[-53.1847,-27.1909],[-53.2417,-27.1716],[-53.3132,-27.2191],[-53.2943,-27.1356],[-53.3706,-27.0911],[-53.4526,-27.1561],[-53.5044,-27.1356],[-53.4947,-27.2039],[-53.5617,-27.1724],[-53.6182,-27.1873],[-53.6439,-27.2197],[-53.6694,-27.1616],[-53.7437,-27.1924],[-53.7729,-27.1477],[-53.8371,-27.1684],[-53.7981,-27.145],[-53.8242,-27.1337],[-53.8046,-27.1227],[-53.8173,-27.1005],[-53.7768,-27.1034],[-53.8046,-27.0825],[-53.7721,-27.074],[-53.8024,-27.04],[-53.7602,-27.0645],[-53.786,-27.0262],[-53.7648,-27.0454],[-53.7482,-27.0328],[-53.7641,-27.0087],[-53.718,-26.9899],[-53.7375,-26.9744],[-53.7031,-26.9594],[-53.7094,-26.934],[-53.6716,-26.943],[-53.6972,-26.929],[-53.6714,-26.8961],[-53.6971,-26.8602],[-53.6607,-26.8591],[-53.6952,-26.8475],[-53.7175,-26.7823],[-53.6989,-26.77],[-53.7439,-26.7644],[-53.7141,-26.7513],[-53.7584,-26.7208],[-53.7347,-26.7169],[-53.7439,-26.6816],[-53.7177,-26.6851],[-53.7208,-26.6511],[-53.7599,-26.6403],[-53.7404,-26.6444],[-53.7082,-26.5617],[-53.7364,-26.5668],[-53.7422,-26.5444],[-53.7173,-26.528],[-53.7301,-26.5018],[-53.6964,-26.4905],[-53.7157,-26.4715],[-53.6875,-26.4421],[-53.71,-26.3877],[-53.6455,-26.2866],[-53.6458,-26.2477],[-53.4984,-26.303],[-53.3761,-26.2416],[-53.3049,-26.2605],[-53.2808,-26.2461],[-53.2645,-26.2893],[-53.0932,-26.392],[-52.9884,-26.3458],[-52.9422,-26.3628],[-52.7378,-26.3422],[-52.6786,-26.3527],[-52.6027,-26.4154],[-52.5245,-26.3991],[-52.4592,-26.4411],[-52.4,-26.4231],[-52.2298,-26.467],[-52.1863,-26.4451],[-52.1005,-26.4817],[-52.0814,-26.5251],[-52.0088,-26.5666],[-51.8735,-26.5994],[-51.6662,-26.5638],[-51.631,-26.5878],[-51.5078,-26.5809],[-51.4115,-26.7171],[-51.3911,-26.6632],[-51.2834,-26.6536],[-51.2271,-26.6152],[-51.2154,-26.5674],[-51.2732,-26.4983],[-51.2531,-26.4623],[-51.3005,-26.4179],[-51.251,-26.3744],[-51.248,-26.3299],[-51.2072,-26.2963],[-51.1043,-26.2761],[-51.0789,-26.2274],[-51.0568,-26.2439],[-50.999,-26.2311],[-50.9453,-26.2827],[-50.9325,-26.2345],[-50.9016,-26.2893],[-50.8686,-26.2414],[-50.8386,-26.2715],[-50.7807,-26.2252],[-50.7164,-26.245],[-50.7311,-26.2058],[-50.6489,-26.1312],[-50.6566,-26.1018],[-50.631,-26.0646],[-50.5519,-26.0576],[-50.5915,-26.0415],[-50.5702,-26.002],[-50.548,-26.0396],[-50.4438,-26.0343],[-50.3243,-26.1353],[-50.3317,-26.0834],[-50.2518,-26.0514],[-50.2512,-26.0305],[-50.1803,-26.079],[-50.1534,-26.0418],[-50.1703,-26.0252],[-50.1402,-26.0266],[-50.1482,-26.0583],[-50.1316,-26.0423],[-50.1184,-26.0636],[-50.0827,-26.0241],[-50.0762,-26.0464],[-50.0362,-26.027],[-50.0056,-26.0461],[-50.0109,-26.0133],[-49.9775,-26.0137],[-49.9717,-26.0584],[-49.9417,-26.0084],[-49.9351,-26.0331],[-49.8317,-26.0531],[-49.8415,-26.0772],[-49.7783,-26.1199],[-49.7683,-26.1043],[-49.7247,-26.1445],[-49.7275,-26.1714],[-49.7115,-26.1543],[-49.6769,-26.1761],[-49.6912,-26.1893],[-49.6537,-26.187],[-49.6439,-26.2101],[-49.6333,-26.1901],[-49.6346,-26.209],[-49.5563,-26.2374],[-49.538,-26.2129],[-49.4963,-26.2214],[-49.4609,-26.1623],[-49.3704,-26.1558],[-49.3024,-26.1133],[-49.2365,-26.0371]]],[[[-48.5898,-25.976],[-48.5898,-25.976]]],[[[-48.4757,-26.1673],[-48.4757,-26.1673]]],[[[-48.4809,-26.1664],[-48.4809,-26.1664]]],[[[-48.478,-26.1637],[-48.478,-26.1637]]],[[[-48.484,-26.1637],[-48.484,-26.1637]]],[[[-48.4818,-26.1757],[-48.4818,-26.1757]]],[[[-48.4871,-26.1794],[-48.4871,-26.1794]]],[[[-48.4864,-26.1805],[-48.4864,-26.1805]]],[[[-48.4905,-26.2031],[-48.4905,-26.2031]]],[[[-48.4875,-26.1852],[-48.4875,-26.1852]]],[[[-48.5203,-26.3705],[-48.5203,-26.3705]]],[[[-48.5248,-26.3838],[-48.5248,-26.3838]]],[[[-48.5219,-26.3699],[-48.5219,-26.3699]]],[[[-48.5254,-26.3875],[-48.5254,-26.3875]]],[[[-48.578,-26.4581],[-48.578,-26.4581]]],[[[-48.564,-26.4604],[-48.564,-26.4604]]],[[[-48.5617,-26.5133],[-48.5617,-26.5133]]],[[[-48.5847,-26.498],[-48.5847,-26.498]]],[[[-48.5791,-26.4682],[-48.5791,-26.4682]]],[[[-48.672,-26.6329],[-48.672,-26.6329]]],[[[-48.6739,-26.6948],[-48.6739,-26.6948]]],[[[-48.618,-26.7104],[-48.618,-26.7104]]],[[[-48.6373,-26.7429],[-48.6373,-26.7429]]],[[[-48.6214,-26.832],[-48.6214,-26.832]]],[[[-48.636,-26.913],[-48.636,-26.913]]],[[[-48.6232,-26.9859],[-48.6232,-26.9859]]],[[[-48.5797,-26.9925],[-48.5797,-26.9925]]],[[[-48.5786,-26.9927],[-48.5786,-26.9927]]],[[[-48.3306,-27.2744],[-48.3306,-27.2744]]],[[[-48.3697,-27.2711],[-48.3568,-27.2997],[-48.3697,-27.2711]]],[[[-48.3981,-27.182],[-48.3981,-27.182]]],[[[-48.4041,-27.1792],[-48.4041,-27.1792]]],[[[-48.3559,-27.4191],[-48.3559,-27.4191]]],[[[-48.3545,-27.4188],[-48.3545,-27.4188]]],[[[-48.4694,-27.2058],[-48.4694,-27.2058]]],[[[-48.531,-27.3048],[-48.531,-27.3048]]],[[[-48.5256,-27.3299],[-48.5256,-27.3299]]],[[[-48.5245,-27.3278],[-48.5245,-27.3278]]],[[[-48.3658,-27.4247],[-48.3658,-27.4247]]],[[[-48.3497,-27.4392],[-48.3497,-27.4392]]],[[[-48.3488,-27.4399],[-48.3488,-27.4399]]],[[[-48.3479,-27.4412],[-48.3479,-27.4412]]],[[[-48.3564,-27.4887],[-48.3564,-27.4887]]],[[[-48.3612,-27.4869],[-48.3612,-27.4869]]],[[[-48.5401,-27.1356],[-48.5401,-27.1356]]],[[[-48.7585,-28.5403],[-48.7585,-28.5403]]],[[[-48.7559,-28.5411],[-48.7559,-28.5411]]],[[[-48.8212,-28.6109],[-48.8212,-28.6109]]],[[[-48.708,-28.4457],[-48.708,-28.4457]]],[[[-48.6535,-28.2489],[-48.6535,-28.2489]]],[[[-48.6494,-28.3256],[-48.6494,-28.3256]]],[[[-48.6503,-28.2423],[-48.6503,-28.2423]]],[[[-48.6564,-28.1895],[-48.6564,-28.1895]]],[[[-48.6412,-28.1543],[-48.6412,-28.1543]]],[[[-48.3846,-27.6106],[-48.3846,-27.6106]]],[[[-48.3917,-27.6108],[-48.3917,-27.6108]]],[[[-48.3898,-27.611],[-48.3898,-27.611]]],[[[-48.4628,-27.696],[-48.4628,-27.696]]],[[[-48.6175,-27.9883],[-48.6175,-27.9883]]],[[[-48.6296,-28.0894],[-48.6296,-28.0894]]],[[[-48.6294,-28.0889],[-48.6294,-28.0889]]],[[[-48.6282,-28.1029],[-48.6282,-28.1029]]],[[[-48.627,-28.1025],[-48.627,-28.1025]]],[[[-48.6258,-28.1024],[-48.6258,-28.1024]]],[[[-48.6021,-28.3526],[-48.6021,-28.3526]]],[[[-48.6016,-28.3518],[-48.6016,-28.3518]]],[[[-48.5997,-28.0356],[-48.5997,-28.0356]]],[[[-48.6008,-28.3522],[-48.6008,-28.3522]]],[[[-48.5275,-27.8323],[-48.5275,-27.8323]]],[[[-48.5176,-27.835],[-48.5176,-27.835]]],[[[-48.5029,-27.8345],[-48.5029,-27.8345]]],[[[-48.5188,-27.8347],[-48.5188,-27.8347]]],[[[-48.5409,-27.9368],[-48.5409,-27.9368]]],[[[-48.4445,-27.8537],[-48.4445,-27.8537]]],[[[-48.4305,-27.8473],[-48.4305,-27.8473]]],[[[-48.4313,-27.8393],[-48.4313,-27.8393]]],[[[-48.4307,-27.8406],[-48.4307,-27.8406]]],[[[-48.4293,-27.8418],[-48.4293,-27.8418]]]]}},{"type":"Feature","properties":{"sigla":"RS","nome":"Rio Grande do Sul","regiao":"Sul"},"geometry":{"type":"MultiPolygon","coordinates":[[[[-51.7187,-31.8546],[-51.8952,-31.9664],[-52.082,-32.16],[-52.141,-32.1792],[-52.2697,-32.3041],[-52.3842,-32.5201],[-52.4952,-32.8672],[-52.6239,-33.1042],[-52.713,-33.2181],[-53.1782,-33.607],[-53.3699,-33.7438],[-53.4167,-33.7483],[-53.4395,-33.6935],[-53.5324,-33.6888],[-53.5079,-33.3531],[-53.5183,-33.1534],[-53.4444,-33.0529],[-53.2447,-32.9349],[-53.3102,-32.9188],[-53.2946,-32.8993],[-53.185,-32.8504],[-53.1457,-32.792],[-53.0858,-32.7883],[-53.0756,-32.7409],[-53.2495,-32.6032],[-53.2888,-32.6211],[-53.3697,-32.5699],[-53.39,-32.5865],[-53.4324,-32.5649],[-53.4644,-32.4847],[-53.5264,-32.489],[-53.584,-32.4513],[-53.6452,-32.3839],[-53.6429,-32.2963],[-53.7352,-32.1516],[-53.7442,-32.1153],[-53.7253,-32.0958],[-53.7458,-32.0781],[-53.8276,-32.0594],[-53.8498,-32.0006],[-53.9606,-31.9553],[-53.9698,-31.9177],[-54.0327,-31.8955],[-54.1006,-31.9281],[-54.4562,-31.6517],[-54.4524,-31.5993],[-54.5865,-31.4566],[-54.752,-31.4245],[-54.8365,-31.4419],[-54.886,-31.3773],[-54.9406,-31.3806],[-54.9351,-31.3565],[-54.9592,-31.3525],[-54.9531,-31.332],[-55.0072,-31.2669],[-55.0319,-31.2697],[-55.0745,-31.3321],[-55.1694,-31.2694],[-55.2401,-31.2606],[-55.2909,-31.1423],[-55.3401,-31.1314],[-55.3275,-31.0882],[-55.3601,-31.0674],[-55.3494,-31.0392],[-55.4237,-31.0178],[-55.4413,-30.9597],[-55.4867,-30.9477],[-55.5786,-30.8329],[-55.6578,-30.8638],[-55.6421,-30.9116],[-55.6662,-30.954],[-55.7239,-30.9428],[-55.7283,-30.9795],[-55.8122,-31.0147],[-55.8824,-31.0773],[-56.0111,-31.0816],[-56.0153,-30.9445],[-55.9896,-30.859],[-56.023,-30.7861],[-56.0621,-30.775],[-56.0727,-30.7454],[-56.1282,-30.7396],[-56.1508,-30.7047],[-56.1374,-30.6836],[-56.1813,-30.6313],[-56.1709,-30.6145],[-56.2199,-30.6071],[-56.2331,-30.5749],[-56.2618,-30.5846],[-56.2922,-30.5205],[-56.3229,-30.5318],[-56.3572,-30.4917],[-56.3835,-30.4988],[-56.3982,-30.4484],[-56.4539,-30.4225],[-56.4608,-30.3856],[-56.4914,-30.3981],[-56.5194,-30.3598],[-56.5461,-30.3606],[-56.5416,-30.3131],[-56.5774,-30.2889],[-56.6187,-30.3012],[-56.6095,-30.2694],[-56.6687,-30.2181],[-56.6465,-30.2038],[-56.6972,-30.205],[-56.7056,-30.1761],[-56.7765,-30.1634],[-56.8081,-30.1032],[-56.8848,-30.0871],[-56.9054,-30.1135],[-56.9934,-30.0857],[-57.0448,-30.1057],[-57.0691,-30.0856],[-57.0912,-30.1215],[-57.116,-30.1138],[-57.1057,-30.1351],[-57.1682,-30.1976],[-57.1552,-30.2341],[-57.2203,-30.2893],[-57.2618,-30.2672],[-57.2846,-30.2937],[-57.3143,-30.2577],[-57.352,-30.2845],[-57.3698,-30.273],[-57.3924,-30.3047],[-57.4635,-30.2654],[-57.5254,-30.2855],[-57.5663,-30.2591],[-57.5631,-30.2091],[-57.6497,-30.1893],[-57.5696,-30.1718],[-57.4646,-30.1103],[-57.4175,-30.0384],[-57.3376,-29.99],[-57.3297,-29.8876],[-57.2822,-29.8173],[-57.2354,-29.7808],[-57.0997,-29.7483],[-56.9711,-29.6434],[-56.9678,-29.6018],[-56.902,-29.5338],[-56.8221,-29.49],[-56.7795,-29.4374],[-56.7684,-29.378],[-56.7,-29.3564],[-56.6507,-29.2643],[-56.6458,-29.2003],[-56.5888,-29.1198],[-56.416,-29.069],[-56.4063,-28.9726],[-56.3001,-28.8956],[-56.2891,-28.7937],[-56.1881,-28.7723],[-56.1192,-28.6812],[-56.0098,-28.6058],[-56.0112,-28.5069],[-55.884,-28.4792],[-55.903,-28.4076],[-55.8787,-28.3618],[-55.7566,-28.3694],[-55.6952,-28.423],[-55.6704,-28.3344],[-55.7732,-28.2742],[-55.7785,-28.2477],[-55.6342,-28.1778],[-55.6107,-28.1175],[-55.5575,-28.1646],[-55.4955,-28.0769],[-55.4426,-28.0943],[-55.3694,-28.0273],[-55.3823,-27.9791],[-55.34,-27.9665],[-55.3193,-27.9219],[-55.2665,-27.9298],[-55.2027,-27.8579],[-55.1331,-27.8961],[-55.1138,-27.849],[-55.0298,-27.8546],[-55.0276,-27.8302],[-55.0802,-27.7783],[-55.0509,-27.7688],[-55.0142,-27.797],[-54.9888,-27.7722],[-54.9374,-27.7705],[-54.9025,-27.7156],[-54.9066,-27.6419],[-54.8477,-27.6213],[-54.8098,-27.53],[-54.7781,-27.5837],[-54.7385,-27.5609],[-54.6809,-27.5745],[-54.6755,-27.5058],[-54.6269,-27.544],[-54.581,-27.4533],[-54.5249,-27.5062],[-54.4458,-27.4721],[-54.4699,-27.4258],[-54.4114,-27.4053],[-54.3516,-27.467],[-54.3389,-27.4032],[-54.283,-27.4478],[-54.264,-27.3993],[-54.2144,-27.3816],[-54.1742,-27.2549],[-54.1549,-27.2969],[-54.0824,-27.2989],[-54.0244,-27.2517],[-54.008,-27.1984],[-53.9602,-27.1953],[-53.9531,-27.1529],[-53.905,-27.1754],[-53.8699,-27.1252],[-53.8197,-27.1757],[-53.7703,-27.1487],[-53.7451,-27.1925],[-53.6678,-27.162],[-53.6421,-27.2198],[-53.6182,-27.1873],[-53.5617,-27.1724],[-53.4931,-27.2035],[-53.5044,-27.1356],[-53.4526,-27.1561],[-53.3706,-27.0911],[-53.2943,-27.1356],[-53.3132,-27.2191],[-53.2417,-27.1716],[-53.1847,-27.1909],[-53.1624,-27.1407],[-53.1322,-27.1802],[-53.0775,-27.1631],[-53.0767,-27.1078],[-53.0321,-27.0823],[-53.0175,-27.099],[-53.0426,-27.1499],[-52.9917,-27.141],[-53.0026,-27.1976],[-52.9844,-27.2215],[-52.9567,-27.1633],[-52.9293,-27.2041],[-52.8525,-27.1699],[-52.8426,-27.2102],[-52.7636,-27.2112],[-52.7576,-27.2575],[-52.7162,-27.236],[-52.692,-27.2845],[-52.6676,-27.2378],[-52.6332,-27.2655],[-52.5498,-27.2383],[-52.4832,-27.2672],[-52.4798,-27.2355],[-52.4376,-27.2162],[-52.4391,-27.2644],[-52.3981,-27.2926],[-52.3858,-27.2535],[-52.375,-27.3051],[-52.3453,-27.2883],[-52.2965,-27.3181],[-52.3019,-27.2598],[-52.2385,-27.2621],[-52.2777,-27.3002],[-52.2159,-27.3325],[-52.1683,-27.2709],[-52.168,-27.3123],[-52.1143,-27.305],[-52.1033,-27.3467],[-52.015,-27.3309],[-52.0171,-27.3678],[-51.9521,-27.3802],[-52.0078,-27.4039],[-51.9358,-27.4287],[-51.9583,-27.4744],[-51.9025,-27.4611],[-51.8923,-27.5197],[-51.8631,-27.4752],[-51.8436,-27.4831],[-51.8515,-27.5246],[-51.8218,-27.5128],[-51.793,-27.5312],[-51.7969,-27.49],[-51.7535,-27.4872],[-51.7204,-27.5135],[-51.6866,-27.479],[-51.6556,-27.5198],[-51.6304,-27.4891],[-51.6311,-27.5415],[-51.58,-27.5236],[-51.5717,-27.5826],[-51.5477,-27.5591],[-51.487,-27.5608],[-51.4352,-27.6544],[-51.3828,-27.6246],[-51.3735,-27.669],[-51.3151,-27.6751],[-51.31,-27.7181],[-51.2761,-27.724],[-51.2412,-27.7783],[-51.1913,-27.7762],[-51.1346,-27.8037],[-51.1289,-27.832],[-51.0822,-27.8339],[-51.056,-27.9037],[-51.0165,-27.9255],[-51.019,-27.957],[-50.9843,-27.9403],[-50.9257,-27.9694],[-50.9232,-28.012],[-50.8754,-28.0402],[-50.9039,-28.0858],[-50.8759,-28.0951],[-50.872,-28.1374],[-50.8324,-28.1175],[-50.7861,-28.1417],[-50.7888,-28.1983],[-50.7644,-28.1892],[-50.7533,-28.2457],[-50.6966,-28.2678],[-50.625,-28.3926],[-50.5923,-28.3819],[-50.537,-28.4297],[-50.5275,-28.4039],[-50.4569,-28.4107],[-50.382,-28.447],[-50.36,-28.4198],[-50.3458,-28.4636],[-50.3296,-28.4342],[-50.2729,-28.4571],[-50.2468,-28.4283],[-50.2226,-28.4633],[-50.178,-28.4523],[-50.1563,-28.4979],[-50.1393,-28.494],[-50.1605,-28.4595],[-50.1283,-28.4289],[-50.1114,-28.4445],[-50.1262,-28.4745],[-50.101,-28.4863],[-50.0386,-28.4797],[-49.9754,-28.439],[-49.9444,-28.4827],[-49.9285,-28.4512],[-49.9016,-28.4648],[-49.8929,-28.4403],[-49.855,-28.444],[-49.8778,-28.4552],[-49.8408,-28.4964],[-49.8126,-28.4679],[-49.7823,-28.4967],[-49.7661,-28.459],[-49.7708,-28.4943],[-49.7266,-28.5183],[-49.7492,-28.5465],[-49.6914,-28.6209],[-49.7789,-28.6295],[-49.7838,-28.6099],[-49.8392,-28.6665],[-49.838,-28.69],[-49.8135,-28.687],[-49.842,-28.7142],[-49.8718,-28.703],[-49.8748,-28.7446],[-49.8957,-28.7393],[-49.8826,-28.7174],[-49.9137,-28.7245],[-49.9049,-28.7076],[-49.9347,-28.7257],[-49.9217,-28.7455],[-49.9613,-28.7722],[-49.9699,-28.8765],[-49.9321,-28.8722],[-49.9687,-28.9221],[-49.9504,-28.9285],[-49.958,-28.9626],[-49.9202,-28.9788],[-49.966,-29.0217],[-49.9407,-29.0223],[-49.961,-29.0508],[-50.0044,-29.0724],[-49.9421,-29.0582],[-49.9683,-29.0842],[-49.9626,-29.1175],[-49.9926,-29.1177],[-49.9817,-29.1391],[-50.0134,-29.1268],[-50.0152,-29.1867],[-50.0679,-29.1955],[-50.0597,-29.1752],[-50.0753,-29.1884],[-50.0934,-29.1679],[-50.0572,-29.1579],[-50.0997,-29.1598],[-50.0913,-29.2198],[-50.047,-29.2172],[-50.1127,-29.24],[-50.0933,-29.2128],[-50.1396,-29.1922],[-50.1615,-29.2039],[-50.134,-29.2079],[-50.1407,-29.2378],[-50.1775,-29.2485],[-50.1388,-29.2535],[-50.1449,-29.2936],[-50.1287,-29.3036],[-50.123,-29.282],[-50.041,-29.3551],[-50.1143,-29.2576],[-49.9498,-29.2007],[-49.8579,-29.2324],[-49.8435,-29.2778],[-49.7421,-29.2988],[-49.7454,-29.328],[-49.7126,-29.3267],[-49.9116,-29.5908],[-50.0528,-29.8383],[-50.3483,-30.5246],[-50.7672,-31.1101],[-50.8791,-31.227],[-51.2938,-31.5987],[-51.4837,-31.7319],[-51.7187,-31.8546]]],[[[-49.7039,-29.3477],[-49.7039,-29.3477]]]]}},{"type":"Feature","properties":{"sigla":"MS","nome":"Mato Grosso do Sul","regiao":"Centro-oeste"},"geometry":{"type":"MultiPolygon","coordinates":[[[[-54.6838,-23.8305],[-54.7052,-23.8646],[-54.7591,-23.8567],[-54.8499,-23.9082],[-54.8851,-23.897],[-54.9269,-23.9248],[-54.9411,-23.9685],[-54.9986,-23.9576],[-55.0623,-23.9933],[-55.1072,-23.9619],[-55.229,-24.014],[-55.3042,-23.965],[-55.3493,-23.9936],[-55.4328,-23.9407],[-55.4539,-23.8193],[-55.4302,-23.7901],[-55.4363,-23.7168],[-55.4635,-23.712],[-55.484,-23.6403],[-55.5399,-23.6252],[-55.5265,-23.5674],[-55.5621,-23.4762],[-55.545,-23.4773],[-55.5045,-23.3785],[-55.5559,-23.3163],[-55.5531,-23.2795],[-55.5227,-23.2597],[-55.5462,-23.2202],[-55.5233,-23.1978],[-55.5419,-23.1561],[-55.5968,-23.1526],[-55.6659,-22.8525],[-55.6523,-22.7923],[-55.618,-22.7675],[-55.6144,-22.6551],[-55.7236,-22.5518],[-55.7528,-22.4748],[-55.7339,-22.4415],[-55.7467,-22.3841],[-55.7911,-22.3884],[-55.8533,-22.2803],[-56.0102,-22.2946],[-56.1179,-22.2703],[-56.2091,-22.2782],[-56.2375,-22.2366],[-56.3166,-22.2184],[-56.3648,-22.1696],[-56.3937,-22.0744],[-56.5066,-22.0955],[-56.5563,-22.1964],[-56.6419,-22.2439],[-56.6368,-22.2634],[-56.7033,-22.2171],[-56.7204,-22.2649],[-56.7469,-22.2357],[-56.7767,-22.2605],[-56.7936,-22.2426],[-56.8027,-22.2835],[-56.8424,-22.3016],[-56.8799,-22.2777],[-56.8835,-22.2474],[-56.9055,-22.2666],[-56.9967,-22.2225],[-57.0828,-22.2512],[-57.1099,-22.2256],[-57.1839,-22.2364],[-57.2014,-22.2109],[-57.2378,-22.2513],[-57.2925,-22.2187],[-57.3202,-22.2456],[-57.3747,-22.2318],[-57.4077,-22.1977],[-57.5808,-22.1753],[-57.6126,-22.0946],[-57.7069,-22.0911],[-57.7169,-22.1138],[-57.7376,-22.1027],[-57.739,-22.1348],[-57.7793,-22.1252],[-57.801,-22.1509],[-57.829,-22.1202],[-57.8661,-22.136],[-57.9297,-22.1203],[-57.942,-22.0829],[-57.9951,-22.0887],[-57.9843,-22.0637],[-58.0084,-22.0341],[-57.9647,-22.0011],[-57.937,-21.9279],[-57.948,-21.9004],[-57.9141,-21.8851],[-57.9716,-21.8484],[-57.9311,-21.8246],[-57.9085,-21.774],[-57.9474,-21.746],[-57.8832,-21.6891],[-57.9334,-21.6516],[-57.9422,-21.6209],[-57.914,-21.5905],[-57.9616,-21.5624],[-57.9677,-21.5215],[-57.8537,-21.3321],[-57.9217,-21.2801],[-57.853,-21.2271],[-57.865,-21.1363],[-57.8459,-21.0969],[-57.8682,-21.0419],[-57.8175,-20.9806],[-57.8188,-20.9453],[-57.8636,-20.9488],[-57.8865,-20.9086],[-57.9281,-20.9002],[-57.8547,-20.8357],[-57.8933,-20.7908],[-57.9618,-20.7926],[-57.9342,-20.746],[-57.868,-20.7494],[-57.8702,-20.7255],[-57.9231,-20.6645],[-57.9582,-20.7049],[-57.9879,-20.6996],[-57.9704,-20.6442],[-58.0126,-20.6126],[-57.9972,-20.5724],[-58.0202,-20.5098],[-57.9981,-20.437],[-58.084,-20.3722],[-58.0966,-20.2539],[-58.1594,-20.2638],[-58.1636,-20.2273],[-58.1218,-20.1944],[-58.1686,-20.1658],[-58.1168,-20.1467],[-58.0922,-20.1083],[-58.0481,-20.1054],[-58.0321,-20.0631],[-57.979,-20.0555],[-57.9581,-20.023],[-57.9036,-20.0433],[-57.8591,-19.9717],[-58.1314,-19.7594],[-57.7833,-19.0351],[-57.7104,-19.0347],[-57.6922,-19.0103],[-57.7192,-18.9781],[-57.7197,-18.8995],[-57.7667,-18.8995],[-57.5583,-18.2407],[-57.4538,-18.2308],[-57.5741,-18.1316],[-57.6004,-18.0427],[-57.7214,-17.829],[-57.684,-17.829],[-57.684,-17.809],[-57.7193,-17.7731],[-57.7113,-17.7287],[-57.7759,-17.658],[-57.7767,-17.5867],[-57.8004,-17.5595],[-57.7536,-17.5672],[-57.731,-17.5298],[-57.7121,-17.5431],[-57.6688,-17.6719],[-57.6846,-17.7165],[-57.6403,-17.7174],[-57.6059,-17.8023],[-57.5763,-17.8005],[-57.5191,-17.8617],[-57.4776,-17.8591],[-57.4525,-17.9026],[-57.4467,-17.8745],[-57.3765,-17.8258],[-57.2326,-17.8124],[-57.252,-17.7935],[-57.1467,-17.7675],[-57.1156,-17.7811],[-57.0449,-17.7303],[-56.9591,-17.6128],[-56.9814,-17.611],[-56.9824,-17.5802],[-56.876,-17.533],[-56.862,-17.4839],[-56.8254,-17.4589],[-56.8297,-17.3913],[-56.7879,-17.3895],[-56.7339,-17.3099],[-56.6455,-17.3393],[-56.6474,-17.317],[-56.6304,-17.3342],[-56.5272,-17.3212],[-56.5018,-17.2863],[-56.4423,-17.3313],[-56.3567,-17.267],[-56.3359,-17.2899],[-56.2978,-17.2766],[-56.2513,-17.219],[-56.2088,-17.2273],[-56.1854,-17.1892],[-56.1399,-17.1912],[-56.1123,-17.1663],[-56.051,-17.1869],[-56.0441,-17.1714],[-56.0055,-17.2042],[-56.0108,-17.239],[-55.9519,-17.2502],[-55.9413,-17.2779],[-55.9263,-17.2579],[-55.8865,-17.2639],[-55.9019,-17.2734],[-55.8866,-17.2848],[-55.8748,-17.2686],[-55.7876,-17.3286],[-55.7013,-17.3541],[-55.6566,-17.3383],[-55.6446,-17.3592],[-55.64,-17.3397],[-55.5856,-17.3736],[-55.5871,-17.4217],[-55.5241,-17.4812],[-55.3771,-17.515],[-55.3507,-17.5486],[-55.2944,-17.5417],[-55.2215,-17.6171],[-55.1371,-17.6502],[-55.0984,-17.6275],[-54.9918,-17.6384],[-54.9434,-17.609],[-54.8609,-17.6239],[-54.7588,-17.5657],[-54.7469,-17.5199],[-54.5817,-17.468],[-54.4813,-17.4877],[-54.4669,-17.5291],[-54.3829,-17.5715],[-54.3867,-17.6354],[-54.3024,-17.6617],[-54.1788,-17.6029],[-54.0764,-17.6157],[-54.0376,-17.4864],[-53.9522,-17.4593],[-53.8784,-17.3752],[-53.8313,-17.355],[-53.8201,-17.2946],[-53.7051,-17.2282],[-53.6801,-17.2536],[-53.7046,-17.6635],[-53.8002,-17.6708],[-53.8559,-17.7027],[-53.9544,-17.8686],[-53.9489,-17.9234],[-53.8601,-17.9212],[-53.7742,-18.0008],[-53.6922,-18.0137],[-53.6612,-17.9775],[-53.6161,-17.9762],[-53.5895,-18.0126],[-53.5572,-18.0057],[-53.4861,-18.0404],[-53.439,-17.9839],[-53.3808,-18.0088],[-53.2415,-18.0047],[-53.1768,-18.0416],[-53.0723,-18.034],[-53.1432,-18.0818],[-53.0997,-18.3136],[-53.0279,-18.3516],[-52.9841,-18.3073],[-52.9352,-18.2966],[-52.8053,-18.3135],[-52.7593,-18.3481],[-52.7985,-18.4149],[-52.8733,-18.4268],[-52.881,-18.4655],[-52.9624,-18.5408],[-52.9168,-18.6403],[-52.746,-18.6924],[-52.5924,-18.689],[-52.5465,-18.6566],[-52.4541,-18.6884],[-52.3335,-18.8293],[-52.1831,-18.8476],[-52.153,-18.8917],[-52.1108,-18.8987],[-52.08,-18.9508],[-52.0436,-18.9507],[-52.0156,-18.9826],[-51.94,-18.9685],[-51.8577,-19.0505],[-51.6577,-19.1377],[-51.5768,-19.1262],[-51.4205,-19.1661],[-51.3691,-19.2214],[-51.3071,-19.2181],[-51.2513,-19.2737],[-51.2035,-19.2605],[-51.0885,-19.3077],[-51.0455,-19.3434],[-51.0258,-19.3987],[-50.9359,-19.4606],[-50.9629,-19.5006],[-50.9244,-19.5809],[-50.9876,-19.5895],[-51.0459,-19.7291],[-50.9995,-19.9064],[-51.0211,-19.964],[-51.0005,-20.0854],[-51.0589,-20.2352],[-51.137,-20.2975],[-51.3427,-20.3547],[-51.5002,-20.5682],[-51.5941,-20.6438],[-51.6349,-20.7548],[-51.6236,-20.9444],[-51.7222,-20.9768],[-51.7897,-21.1021],[-51.8759,-21.1361],[-51.8796,-21.1994],[-51.8485,-21.2666],[-51.8653,-21.3489],[-51.9679,-21.5018],[-52.062,-21.5033],[-52.0931,-21.5378],[-52.1022,-21.5698],[-52.0521,-21.6366],[-52.0558,-21.6772],[-52.1029,-21.7453],[-52.1613,-21.7708],[-52.1906,-21.8461],[-52.3088,-21.9519],[-52.3772,-22.1067],[-52.4877,-22.2172],[-52.6951,-22.3146],[-52.8578,-22.4415],[-52.9882,-22.4869],[-53.0738,-22.5489],[-53.1052,-22.6219],[-53.1935,-22.7253],[-53.3595,-22.7796],[-53.5419,-22.8862],[-53.6026,-22.9461],[-53.6346,-23.0007],[-53.6366,-23.125],[-53.7413,-23.3356],[-53.7755,-23.3751],[-53.9866,-23.4648],[-54.0805,-23.7809],[-54.0805,-23.8913],[-54.1297,-23.9821],[-54.2893,-24.0684],[-54.3242,-24.0038],[-54.3838,-23.9868],[-54.4401,-23.9043],[-54.5686,-23.8745],[-54.5842,-23.837],[-54.6097,-23.8514],[-54.6695,-23.8125],[-54.6838,-23.8305]]]]}},{"type":"Feature","properties":{"sigla":"MT","nome":"Mato Grosso","regiao":"Centro-oeste"},"geometry":{"type":"MultiPolygon","coordinates":[[[[-56.0716,-17.1706],[-56.1854,-17.1892],[-56.2088,-17.2273],[-56.2513,-17.219],[-56.2866,-17.2704],[-56.3359,-17.2899],[-56.3567,-17.267],[-56.4423,-17.3313],[-56.5018,-17.2863],[-56.5272,-17.3212],[-56.6304,-17.3342],[-56.6474,-17.317],[-56.6455,-17.3393],[-56.7339,-17.3099],[-56.7879,-17.3895],[-56.8297,-17.3913],[-56.8254,-17.4589],[-56.862,-17.4839],[-56.876,-17.533],[-56.9824,-17.5802],[-56.9814,-17.611],[-56.9591,-17.6128],[-57.0449,-17.7303],[-57.1156,-17.7811],[-57.1467,-17.7675],[-57.252,-17.7935],[-57.2326,-17.8124],[-57.3765,-17.8258],[-57.4539,-17.9028],[-57.4776,-17.8591],[-57.5191,-17.8617],[-57.5763,-17.8005],[-57.6059,-17.8023],[-57.6403,-17.7174],[-57.6846,-17.7165],[-57.6688,-17.6719],[-57.725,-17.531],[-57.7523,-17.5645],[-57.8834,-17.4495],[-57.993,-17.5151],[-58.0434,-17.4927],[-58.0601,-17.4507],[-58.1184,-17.4504],[-58.1516,-17.3847],[-58.1905,-17.3898],[-58.2022,-17.357],[-58.2645,-17.3451],[-58.2783,-17.2998],[-58.3989,-17.184],[-58.394,-17.015],[-58.4768,-16.9367],[-58.4582,-16.8266],[-58.4786,-16.8142],[-58.4595,-16.7864],[-58.4717,-16.7082],[-58.4362,-16.5929],[-58.3342,-16.4903],[-58.3565,-16.4273],[-58.3444,-16.3904],[-58.3073,-16.3707],[-58.3222,-16.2664],[-58.3887,-16.2614],[-58.4306,-16.3227],[-60.1741,-16.2669],[-60.2395,-15.4746],[-60.5757,-15.0975],[-60.245,-15.0975],[-60.2733,-14.621],[-60.3231,-14.6105],[-60.3396,-14.5104],[-60.4077,-14.4137],[-60.3954,-14.365],[-60.4541,-14.3133],[-60.4671,-14.2651],[-60.4497,-14.2408],[-60.4931,-14.1882],[-60.4806,-14.0958],[-60.4409,-14.0784],[-60.3816,-13.9876],[-60.4155,-13.9804],[-60.4188,-13.9372],[-60.4509,-13.9364],[-60.451,-13.884],[-60.476,-13.8863],[-60.4574,-13.8533],[-60.4927,-13.856],[-60.4673,-13.7957],[-60.5285,-13.7918],[-60.523,-13.7689],[-60.5502,-13.7817],[-60.6235,-13.7195],[-60.6563,-13.7383],[-60.717,-13.6851],[-60.6322,-13.5717],[-60.5777,-13.5652],[-60.5109,-13.5036],[-60.432,-13.4884],[-60.384,-13.4492],[-60.365,-13.2999],[-60.2685,-13.145],[-60.283,-13.0806],[-60.2153,-13.027],[-60.1893,-12.9711],[-60.1172,-12.9596],[-60.0813,-12.8893],[-60.065,-12.6708],[-60.0033,-12.5923],[-59.9727,-12.6099],[-59.9294,-12.5796],[-59.8982,-12.5016],[-59.8442,-12.4672],[-59.8193,-12.3787],[-59.7744,-12.341],[-59.8923,-12.2455],[-59.9108,-12.1865],[-59.8998,-12.1172],[-59.9794,-12.0295],[-59.9858,-11.9121],[-60.0605,-11.895],[-60.1088,-11.8396],[-60.1141,-11.5875],[-59.9762,-11.4392],[-59.9259,-11.4155],[-59.9172,-11.3384],[-59.982,-11.2335],[-59.964,-11.1891],[-59.9978,-11.1514],[-59.9839,-11.1163],[-60.0262,-11.1307],[-60.0667,-11.1255],[-60.0842,-11.0968],[-60.1593,-11.0957],[-60.2034,-11.1135],[-60.271,-11.0987],[-60.3012,-11.0572],[-60.3484,-11.074],[-60.348,-11.109],[-60.3916,-11.0938],[-60.4141,-11.0435],[-60.4466,-11.0422],[-60.4601,-10.9899],[-61.5503,-10.9861],[-61.5195,-10.9497],[-61.5109,-10.7937],[-61.4738,-10.7975],[-61.4884,-10.7365],[-61.4724,-10.715],[-61.4994,-10.6986],[-61.4618,-10.4199],[-61.5528,-10.3082],[-61.5779,-10.2353],[-61.5517,-10.1978],[-61.6019,-10.1544],[-61.5084,-9.8888],[-61.5249,-9.7957],[-61.5474,-9.7875],[-61.5315,-9.7399],[-61.5746,-9.7178],[-61.5053,-9.6914],[-61.4768,-9.6287],[-61.503,-9.6153],[-61.5134,-9.5285],[-61.5496,-9.5152],[-61.5258,-9.5018],[-61.5786,-9.4716],[-61.5527,-9.3874],[-61.6259,-9.363],[-61.612,-9.2807],[-61.6333,-9.2706],[-61.577,-9.2375],[-61.5262,-9.2458],[-61.5196,-9.1952],[-61.5558,-9.0924],[-61.4685,-8.9174],[-61.5236,-8.8186],[-61.5831,-8.7987],[-58.4159,-8.7928],[-58.3262,-8.72],[-58.4373,-8.7034],[-58.3895,-8.5948],[-58.4178,-8.4895],[-58.3546,-8.3928],[-58.3503,-8.3457],[-58.3149,-8.3231],[-58.3225,-8.17],[-58.2872,-8.1285],[-58.3847,-7.844],[-58.2941,-7.7715],[-58.2805,-7.7065],[-58.2022,-7.6209],[-58.2131,-7.4585],[-58.1384,-7.349],[-58.0614,-7.3952],[-57.9726,-7.5346],[-57.9396,-7.6531],[-57.8967,-7.6779],[-57.8288,-7.9729],[-57.7284,-8.0942],[-57.7151,-8.1579],[-57.6432,-8.2122],[-57.6869,-8.4163],[-57.6341,-8.5189],[-57.6486,-8.5764],[-57.6222,-8.5912],[-57.5929,-8.7565],[-57.5304,-8.7482],[-57.4276,-8.7832],[-57.4199,-8.853],[-57.3844,-8.8796],[-57.195,-8.9275],[-57.0392,-9.0983],[-57.0572,-9.1859],[-56.9955,-9.2338],[-56.8201,-9.2463],[-56.7574,-9.4062],[-56.6719,-9.3674],[-53.0005,-9.6553],[-50.2248,-9.8412],[-50.3026,-10.0354],[-50.3921,-10.134],[-50.3816,-10.2189],[-50.4183,-10.3563],[-50.4737,-10.4049],[-50.4826,-10.49],[-50.5161,-10.5039],[-50.535,-10.6018],[-50.6029,-10.6582],[-50.5706,-10.7525],[-50.622,-10.8394],[-50.5994,-10.8845],[-50.6329,-10.9359],[-50.6095,-11.0674],[-50.661,-11.1347],[-50.6594,-11.2549],[-50.7393,-11.4354],[-50.7389,-11.5445],[-50.716,-11.579],[-50.6575,-11.5928],[-50.6637,-11.6775],[-50.722,-11.7397],[-50.6863,-11.859],[-50.6393,-11.8846],[-50.6837,-11.9956],[-50.6673,-12.0812],[-50.6869,-12.2022],[-50.6437,-12.223],[-50.6446,-12.3459],[-50.6183,-12.429],[-50.6236,-12.4553],[-50.653,-12.4601],[-50.6865,-12.5692],[-50.668,-12.596],[-50.7019,-12.5966],[-50.7013,-12.6435],[-50.6469,-12.6511],[-50.6548,-12.6792],[-50.623,-12.7346],[-50.636,-12.7719],[-50.6118,-12.7759],[-50.6227,-12.8197],[-50.5819,-12.7994],[-50.6005,-12.8244],[-50.5188,-12.837],[-50.4986,-12.8773],[-50.5255,-12.976],[-50.5905,-13.0004],[-50.569,-13.0425],[-50.61,-13.0604],[-50.5916,-13.108],[-50.6059,-13.1875],[-50.5842,-13.2177],[-50.6086,-13.3176],[-50.6653,-13.3756],[-50.6639,-13.435],[-50.759,-13.5203],[-50.8062,-13.6938],[-50.8739,-13.7345],[-50.8406,-13.8638],[-50.8663,-13.9796],[-50.8317,-14.0861],[-50.8865,-14.1321],[-50.918,-14.1161],[-50.9137,-14.1685],[-50.9782,-14.2972],[-50.9661,-14.3271],[-50.9978,-14.4157],[-50.9627,-14.5239],[-51.0582,-14.7517],[-51.0448,-14.7928],[-51.0896,-14.8402],[-51.086,-14.919],[-51.2676,-15.0444],[-51.329,-14.9696],[-51.3682,-15.0096],[-51.427,-15.0077],[-51.462,-15.048],[-51.5309,-15.0617],[-51.5953,-15.1552],[-51.6512,-15.1773],[-51.672,-15.2478],[-51.6457,-15.265],[-51.6883,-15.3116],[-51.6695,-15.3744],[-51.6972,-15.4092],[-51.6994,-15.4879],[-51.7361,-15.5099],[-51.7393,-15.5593],[-51.7773,-15.535],[-51.7571,-15.6334],[-51.8827,-15.8285],[-51.9485,-15.8101],[-52.0145,-15.887],[-52.2533,-15.8926],[-52.3299,-16.0722],[-52.5161,-16.1339],[-52.5492,-16.165],[-52.5453,-16.2226],[-52.5696,-16.2286],[-52.5466,-16.2609],[-52.5777,-16.2496],[-52.6826,-16.3017],[-52.6874,-16.399],[-52.6439,-16.412],[-52.6047,-16.4635],[-52.6128,-16.5018],[-52.6373,-16.5029],[-52.6356,-16.5518],[-52.668,-16.5511],[-52.6744,-16.5853],[-52.7061,-16.5719],[-52.7052,-16.5993],[-52.7401,-16.59],[-52.715,-16.6388],[-52.7462,-16.6307],[-52.7867,-16.7427],[-52.8844,-16.7764],[-52.9233,-16.8182],[-52.9331,-16.8031],[-52.927,-16.8407],[-52.9635,-16.8671],[-53.0144,-16.8616],[-53.0564,-16.9639],[-53.0714,-17.0496],[-53.0554,-17.0706],[-53.1183,-17.1132],[-53.2186,-17.2981],[-53.1968,-17.3798],[-53.2332,-17.4408],[-53.2443,-17.6899],[-53.1599,-17.7735],[-53.1266,-17.9154],[-53.0647,-17.9845],[-53.0723,-18.034],[-53.1768,-18.0416],[-53.2415,-18.0047],[-53.3808,-18.0088],[-53.439,-17.9839],[-53.4861,-18.0404],[-53.5572,-18.0057],[-53.5895,-18.0126],[-53.6161,-17.9762],[-53.6612,-17.9775],[-53.6922,-18.0137],[-53.7742,-18.0008],[-53.8601,-17.9212],[-53.9489,-17.9234],[-53.9544,-17.8686],[-53.8559,-17.7027],[-53.8002,-17.6708],[-53.7046,-17.6635],[-53.6801,-17.2536],[-53.7051,-17.2282],[-53.8201,-17.2946],[-53.8313,-17.355],[-53.8784,-17.3752],[-53.9522,-17.4593],[-54.0376,-17.4864],[-54.0847,-17.619],[-54.1788,-17.6029],[-54.3356,-17.6617],[-54.3867,-17.6354],[-54.3829,-17.5715],[-54.4669,-17.5291],[-54.4813,-17.4877],[-54.5817,-17.468],[-54.7469,-17.5199],[-54.7588,-17.5657],[-54.8609,-17.6239],[-54.9434,-17.609],[-54.9918,-17.6384],[-55.1088,-17.6287],[-55.1273,-17.6527],[-55.2215,-17.6171],[-55.2944,-17.5417],[-55.3507,-17.5486],[-55.3771,-17.515],[-55.5241,-17.4812],[-55.5871,-17.4217],[-55.5856,-17.3736],[-55.64,-17.3397],[-55.6446,-17.3592],[-55.6566,-17.3383],[-55.7013,-17.3541],[-55.7876,-17.3286],[-55.8748,-17.2686],[-55.8866,-17.2848],[-55.9019,-17.2734],[-55.8865,-17.2639],[-55.9263,-17.2579],[-55.9413,-17.2779],[-55.9519,-17.2502],[-56.0108,-17.239],[-56.0161,-17.1902],[-56.0716,-17.1706]]]]}},{"type":"Feature","properties":{"sigla":"GO","nome":"Goiás","regiao":"Centro-oeste"},"geometry":{"type":"MultiPolygon","coordinates":[[[[-47.335,-15.5873],[-47.4184,-15.5457],[-47.4184,-15.5018],[-48.2,-15.5023],[-48.1997,-15.6229],[-48.2342,-15.6419],[-48.2413,-15.6867],[-48.2089,-15.7154],[-48.2097,-15.754],[-48.2851,-15.8368],[-48.2764,-15.9312],[-48.2502,-15.9476],[-48.2778,-16.0496],[-47.3085,-16.05],[-47.3113,-16.0881],[-47.3329,-16.0867],[-47.3527,-16.1328],[-47.3271,-16.2486],[-47.4266,-16.3932],[-47.4595,-16.5041],[-47.4442,-16.5393],[-47.4055,-16.5552],[-47.4132,-16.5742],[-47.3773,-16.5786],[-47.3764,-16.5997],[-47.3432,-16.5914],[-47.3364,-16.6155],[-47.3193,-16.602],[-47.2509,-16.6648],[-47.2524,-16.7039],[-47.2229,-16.7241],[-47.2212,-16.8078],[-47.1946,-16.8246],[-47.1988,-16.9081],[-47.1614,-16.9189],[-47.1673,-16.9526],[-47.1274,-16.9787],[-47.1515,-16.9977],[-47.1318,-17.007],[-47.1466,-17.0323],[-47.1836,-17.0369],[-47.1804,-17.0628],[-47.2467,-17.082],[-47.2827,-17.1441],[-47.352,-17.1665],[-47.3402,-17.1874],[-47.3618,-17.1851],[-47.3626,-17.2227],[-47.4345,-17.2762],[-47.4192,-17.2954],[-47.4229,-17.3231],[-47.4549,-17.3297],[-47.4408,-17.3477],[-47.488,-17.3495],[-47.5111,-17.3263],[-47.5145,-17.375],[-47.5398,-17.3884],[-47.5216,-17.4259],[-47.5414,-17.4546],[-47.5146,-17.461],[-47.5047,-17.5092],[-47.4547,-17.5418],[-47.4004,-17.5118],[-47.3254,-17.5238],[-47.2648,-17.6114],[-47.2701,-17.6745],[-47.3137,-17.699],[-47.3726,-17.8298],[-47.2834,-18.0578],[-47.3576,-18.0852],[-47.3959,-18.1409],[-47.4286,-18.1399],[-47.4302,-18.1657],[-47.5131,-18.1959],[-47.5324,-18.2313],[-47.5369,-18.195],[-47.5673,-18.203],[-47.6388,-18.2877],[-47.6102,-18.3139],[-47.6252,-18.3303],[-47.6576,-18.3278],[-47.7001,-18.379],[-47.7406,-18.3638],[-47.7495,-18.4126],[-47.8297,-18.4113],[-47.8308,-18.448],[-47.8605,-18.4402],[-47.8682,-18.4744],[-47.9143,-18.4666],[-47.9569,-18.5002],[-47.9809,-18.4429],[-48.0088,-18.4529],[-48.0575,-18.4129],[-48.1108,-18.4286],[-48.1618,-18.3719],[-48.2705,-18.3294],[-48.3163,-18.3644],[-48.3105,-18.3867],[-48.4457,-18.3553],[-48.4812,-18.3801],[-48.4848,-18.3536],[-48.5156,-18.3664],[-48.5614,-18.3239],[-48.7577,-18.3448],[-48.8164,-18.3797],[-48.8371,-18.3415],[-48.9332,-18.3055],[-49.077,-18.4168],[-49.1263,-18.3843],[-49.1615,-18.4182],[-49.2101,-18.4148],[-49.1978,-18.4578],[-49.2935,-18.5647],[-49.3275,-18.5622],[-49.3851,-18.6461],[-49.4817,-18.5605],[-49.4931,-18.4943],[-49.5353,-18.4918],[-49.5524,-18.5441],[-49.6517,-18.5611],[-49.6397,-18.6001],[-49.7685,-18.611],[-49.7848,-18.6422],[-49.8801,-18.6096],[-49.9317,-18.624],[-50.0201,-18.5994],[-50.08,-18.6722],[-50.1643,-18.6644],[-50.2961,-18.6912],[-50.3756,-18.8115],[-50.4235,-18.8327],[-50.4501,-18.9018],[-50.5106,-18.9387],[-50.4951,-19.0129],[-50.5352,-19.0989],[-50.5878,-19.1399],[-50.676,-19.1371],[-50.6759,-19.1712],[-50.7342,-19.1877],[-50.7465,-19.2399],[-50.8189,-19.2917],[-50.876,-19.415],[-50.8264,-19.4713],[-50.844,-19.4984],[-50.9853,-19.4314],[-51.0885,-19.3077],[-51.2035,-19.2605],[-51.2513,-19.2737],[-51.3071,-19.2181],[-51.3691,-19.2214],[-51.4205,-19.1661],[-51.5768,-19.1262],[-51.6577,-19.1377],[-51.8577,-19.0505],[-51.94,-18.9685],[-52.0156,-18.9826],[-52.0436,-18.9507],[-52.08,-18.9508],[-52.1108,-18.8987],[-52.153,-18.8917],[-52.1831,-18.8476],[-52.3335,-18.8293],[-52.4541,-18.6884],[-52.5465,-18.6566],[-52.5924,-18.689],[-52.746,-18.6924],[-52.9168,-18.6403],[-52.9624,-18.5408],[-52.881,-18.4655],[-52.8733,-18.4268],[-52.7985,-18.4149],[-52.7593,-18.3481],[-52.8053,-18.3135],[-52.9478,-18.2961],[-53.0279,-18.3516],[-53.1012,-18.3108],[-53.1432,-18.0818],[-53.0757,-18.0508],[-53.0647,-17.9845],[-53.1266,-17.9154],[-53.1641,-17.7655],[-53.2351,-17.7136],[-53.245,-17.5263],[-53.229,-17.4268],[-53.1968,-17.3798],[-53.2186,-17.2981],[-53.1183,-17.1132],[-53.0554,-17.0706],[-53.0714,-17.0496],[-53.0564,-16.9639],[-53.0144,-16.8616],[-52.9635,-16.8671],[-52.927,-16.8407],[-52.9331,-16.8031],[-52.9233,-16.8182],[-52.8844,-16.7764],[-52.7867,-16.7427],[-52.7462,-16.6307],[-52.715,-16.6388],[-52.7401,-16.59],[-52.7052,-16.5993],[-52.7061,-16.5719],[-52.6744,-16.5853],[-52.668,-16.5511],[-52.6356,-16.5518],[-52.6373,-16.5029],[-52.6128,-16.5018],[-52.6047,-16.4635],[-52.6439,-16.412],[-52.6874,-16.399],[-52.6868,-16.3149],[-52.658,-16.2801],[-52.6243,-16.2867],[-52.577,-16.2495],[-52.5466,-16.2609],[-52.5701,-16.231],[-52.5453,-16.2226],[-52.5492,-16.165],[-52.5253,-16.1405],[-52.3299,-16.0722],[-52.2518,-15.8917],[-52.0145,-15.887],[-51.9485,-15.8101],[-51.8827,-15.8285],[-51.7571,-15.6334],[-51.7773,-15.535],[-51.7393,-15.5593],[-51.7361,-15.5099],[-51.6994,-15.4879],[-51.6972,-15.4092],[-51.6695,-15.3744],[-51.6915,-15.3249],[-51.6457,-15.265],[-51.672,-15.2478],[-51.6493,-15.1747],[-51.5953,-15.1552],[-51.5309,-15.0617],[-51.462,-15.048],[-51.427,-15.0077],[-51.3682,-15.0096],[-51.3248,-14.9704],[-51.2676,-15.0444],[-51.0871,-14.9213],[-51.0896,-14.8402],[-51.0448,-14.7928],[-51.0582,-14.7517],[-50.9627,-14.5239],[-50.9978,-14.4157],[-50.9661,-14.3271],[-50.9782,-14.2972],[-50.9137,-14.1685],[-50.918,-14.1161],[-50.8865,-14.1321],[-50.8317,-14.0861],[-50.8663,-13.9796],[-50.8406,-13.8638],[-50.8733,-13.7324],[-50.8062,-13.6938],[-50.759,-13.5203],[-50.6639,-13.435],[-50.6653,-13.3756],[-50.6086,-13.3176],[-50.5842,-13.2177],[-50.6059,-13.1875],[-50.5916,-13.108],[-50.61,-13.0604],[-50.569,-13.0425],[-50.5905,-13.0004],[-50.5241,-12.9737],[-50.4933,-12.7837],[-50.4678,-12.7543],[-50.4874,-12.7451],[-50.4651,-12.7308],[-50.4787,-12.7113],[-50.4327,-12.6915],[-50.4405,-12.6523],[-50.4124,-12.6483],[-50.4181,-12.6244],[-50.3908,-12.6115],[-50.366,-12.5455],[-50.1841,-12.4321],[-50.1947,-12.4117],[-50.1732,-12.4223],[-50.1418,-12.3954],[-50.2176,-12.4874],[-50.2295,-12.5312],[-50.192,-12.5622],[-50.2375,-12.5787],[-50.2653,-12.6822],[-50.2991,-12.6802],[-50.2833,-12.7178],[-50.311,-12.7979],[-50.2928,-12.8385],[-50.1838,-12.8974],[-50.0781,-12.9057],[-50.0396,-12.9354],[-49.9204,-12.9614],[-49.3683,-13.2723],[-49.3372,-13.2473],[-49.351,-13.0887],[-49.2377,-12.8838],[-49.1199,-12.7894],[-49.1046,-12.8354],[-49.0642,-12.8461],[-49.0792,-12.904],[-49.0218,-12.9063],[-48.9762,-12.9579],[-48.8539,-12.8053],[-48.8428,-12.8425],[-48.7351,-12.9211],[-48.7173,-13.0015],[-48.6749,-12.9928],[-48.6387,-13.0134],[-48.5759,-13.1239],[-48.5974,-13.1521],[-48.5775,-13.1733],[-48.5999,-13.2387],[-48.5861,-13.3216],[-48.5536,-13.3026],[-48.5538,-13.2035],[-48.5297,-13.1914],[-48.5181,-13.1395],[-48.47,-13.1373],[-48.4755,-13.235],[-48.4419,-13.2923],[-48.3401,-13.2483],[-48.3423,-13.2282],[-48.308,-13.2372],[-48.2316,-13.1692],[-48.1437,-13.1525],[-48.1659,-13.1893],[-48.1648,-13.3067],[-48.0825,-13.2895],[-48.0625,-13.2357],[-48.0253,-13.2798],[-47.9835,-13.2791],[-47.9667,-13.3151],[-47.9363,-13.2899],[-47.8844,-13.3207],[-47.8202,-13.3125],[-47.6797,-13.4682],[-47.6223,-13.3692],[-47.6501,-13.3492],[-47.6615,-13.3028],[-47.6397,-13.2643],[-47.6676,-13.2109],[-47.6336,-13.1012],[-47.5638,-13.1191],[-47.5578,-13.1869],[-47.4784,-13.185],[-47.4864,-13.2197],[-47.4345,-13.2288],[-47.4544,-13.2505],[-47.4261,-13.29],[-47.3776,-13.2291],[-47.2822,-13.2651],[-47.2296,-13.1947],[-47.1837,-13.1874],[-47.154,-13.2103],[-47.1321,-13.1779],[-47.0879,-13.1818],[-47.0021,-13.1217],[-46.979,-13.1318],[-46.8917,-13.0524],[-46.8545,-13.0675],[-46.8199,-13.0017],[-46.7506,-12.9692],[-46.4546,-12.9712],[-46.418,-12.8224],[-46.3658,-12.8634],[-46.3644,-12.9907],[-46.1046,-12.9249],[-46.1247,-12.9598],[-46.2755,-13.0202],[-46.3358,-13.0977],[-46.2952,-13.1419],[-46.3291,-13.2485],[-46.2999,-13.2577],[-46.3179,-13.3052],[-46.2925,-13.3169],[-46.1032,-13.2575],[-46.0683,-13.2954],[-46.1355,-13.3755],[-46.2495,-13.4313],[-46.209,-13.4656],[-46.2371,-13.4872],[-46.2475,-13.5787],[-46.1873,-13.5754],[-46.1627,-13.6036],[-46.2636,-13.6914],[-46.2356,-13.7099],[-46.2629,-13.7348],[-46.2229,-13.7654],[-46.2815,-13.7951],[-46.2736,-13.8288],[-46.2325,-13.8486],[-46.267,-13.9175],[-46.2082,-14.0161],[-46.2244,-14.105],[-46.1841,-14.1569],[-46.1181,-14.1599],[-46.1019,-14.2083],[-46.061,-14.1955],[-46.0529,-14.2448],[-45.9954,-14.2562],[-45.9422,-14.3433],[-45.9072,-14.3552],[-45.9326,-14.4099],[-45.9758,-14.4342],[-46.0102,-14.4257],[-46.019,-14.4721],[-45.9753,-14.5389],[-45.9895,-14.6588],[-46.028,-14.681],[-46.0055,-14.689],[-45.9971,-14.7413],[-46.0026,-14.7958],[-46.0412,-14.8265],[-46.0266,-14.8589],[-46.0962,-14.9388],[-46.1614,-14.9062],[-46.1756,-14.9494],[-46.2337,-14.9215],[-46.2869,-14.9281],[-46.3193,-14.9004],[-46.3005,-14.8581],[-46.3249,-14.8478],[-46.3222,-14.8146],[-46.5011,-14.703],[-46.5663,-14.7884],[-46.5216,-14.8512],[-46.5465,-14.9254],[-46.5036,-15.0534],[-46.6281,-15.0895],[-46.8443,-15.0091],[-46.9206,-15.0509],[-46.8884,-15.1156],[-46.9409,-15.2307],[-46.9277,-15.2551],[-46.8915,-15.2353],[-46.8893,-15.2822],[-46.8357,-15.3251],[-46.8695,-15.3615],[-46.8495,-15.3732],[-46.9293,-15.4399],[-46.9487,-15.5578],[-46.8549,-15.6183],[-46.8117,-15.8861],[-47.0886,-15.9611],[-47.135,-15.9494],[-47.1428,-15.9263],[-47.2173,-16.0144],[-47.2774,-16.0069],[-47.3169,-16.0362],[-47.3791,-15.9777],[-47.3674,-15.8286],[-47.313,-15.7421],[-47.3339,-15.6296],[-47.3156,-15.5949],[-47.335,-15.5873]]],[[[-49.8981,-16.2307],[-49.8981,-16.2307]]],[[[-46.4474,-14.3871],[-46.4474,-14.3871]]],[[[-48.2167,-18.0735],[-48.2167,-18.0735]]]]}},{"type":"Feature","properties":{"sigla":"DF","nome":"Distrito Federal","regiao":"Centro-oeste"},"geometry":{"type":"MultiPolygon","coordinates":[[[[-48.0147,-16.05],[-48.2778,-16.0496],[-48.2502,-15.9476],[-48.2764,-15.9312],[-48.2851,-15.8368],[-48.2097,-15.754],[-48.2089,-15.7154],[-48.2413,-15.6867],[-48.2342,-15.6419],[-48.1997,-15.6229],[-48.2,-15.5023],[-47.4184,-15.5018],[-47.4178,-15.5463],[-47.3179,-15.5893],[-47.3339,-15.6296],[-47.313,-15.7421],[-47.3674,-15.8286],[-47.3792,-15.9738],[-47.3085,-16.05],[-48.0147,-16.05]]]]}},{"type":"Feature","properties":{"sigla":"RO","nome":"Rondônia","regiao":"Norte"},"geometry":{"type":"MultiPolygon","coordinates":[[[[-62.6002,-13.0167],[-62.6292,-13.0163],[-62.6508,-12.9656],[-62.7292,-13.0208],[-62.7469,-12.9989],[-62.7597,-13.0183],[-62.7944,-12.9952],[-62.806,-12.9406],[-62.8499,-12.9444],[-62.8937,-12.8574],[-62.9214,-12.8409],[-62.9763,-12.8599],[-63.0071,-12.8396],[-63.0472,-12.7407],[-63.0813,-12.7241],[-63.0614,-12.6865],[-63.0976,-12.6828],[-63.0841,-12.6553],[-63.1148,-12.6246],[-63.1468,-12.6377],[-63.1632,-12.614],[-63.1689,-12.6428],[-63.1943,-12.6232],[-63.1986,-12.6576],[-63.2471,-12.6617],[-63.238,-12.69],[-63.2994,-12.6818],[-63.4403,-12.6076],[-63.4372,-12.5644],[-63.5017,-12.5673],[-63.5505,-12.5084],[-63.6221,-12.4729],[-63.7863,-12.4279],[-63.834,-12.4634],[-63.8873,-12.4473],[-63.9007,-12.506],[-63.953,-12.5318],[-64.0922,-12.484],[-64.1226,-12.5058],[-64.1339,-12.4765],[-64.1646,-12.5144],[-64.1729,-12.4665],[-64.2305,-12.4551],[-64.2909,-12.5014],[-64.2947,-12.4578],[-64.4062,-12.447],[-64.5077,-12.3581],[-64.4929,-12.2943],[-64.5082,-12.2253],[-64.5522,-12.2419],[-64.5758,-12.2153],[-64.7101,-12.1767],[-64.7009,-12.092],[-64.7386,-12.1001],[-64.7565,-12.1578],[-64.7658,-12.0963],[-64.801,-12.0861],[-64.8262,-12.122],[-64.8423,-12.1075],[-64.8095,-12.0591],[-64.8396,-12.0107],[-64.917,-12.0284],[-64.9484,-11.9934],[-64.9751,-12.0187],[-65.032,-11.9951],[-65.042,-11.9617],[-65.0152,-11.8982],[-65.0707,-11.8691],[-65.0597,-11.7907],[-65.0853,-11.7123],[-65.183,-11.7217],[-65.1853,-11.7566],[-65.2595,-11.7101],[-65.2179,-11.6521],[-65.2349,-11.5745],[-65.2119,-11.5305],[-65.3073,-11.4972],[-65.3354,-11.3549],[-65.2918,-11.3242],[-65.3414,-11.3109],[-65.3616,-11.2496],[-65.3569,-11.2168],[-65.3187,-11.1972],[-65.3509,-11.1864],[-65.3628,-11.1378],[-65.2844,-11.0896],[-65.3013,-11.0321],[-65.2504,-10.9879],[-65.2858,-10.9277],[-65.2666,-10.9218],[-65.2766,-10.8694],[-65.367,-10.7963],[-65.3447,-10.7696],[-65.3497,-10.6705],[-65.4167,-10.6187],[-65.3972,-10.5833],[-65.4291,-10.477],[-65.3904,-10.4476],[-65.3918,-10.3744],[-65.322,-10.2976],[-65.2888,-10.2199],[-65.3335,-9.9425],[-65.286,-9.8455],[-65.3783,-9.6971],[-65.4461,-9.6691],[-65.4471,-9.6971],[-65.501,-9.7298],[-65.5021,-9.7858],[-65.5316,-9.7812],[-65.5643,-9.8103],[-65.558,-9.8446],[-65.6011,-9.8242],[-65.6276,-9.8368],[-65.6689,-9.7811],[-65.6897,-9.8127],[-65.7105,-9.8073],[-65.685,-9.749],[-65.7442,-9.7821],[-65.7719,-9.7343],[-65.7945,-9.7918],[-65.8169,-9.7547],[-65.8686,-9.793],[-65.8812,-9.752],[-65.9672,-9.7707],[-65.9821,-9.8088],[-66.0711,-9.7843],[-66.0935,-9.814],[-66.1002,-9.7847],[-66.1529,-9.7857],[-66.2037,-9.8346],[-66.2377,-9.8146],[-66.2862,-9.8447],[-66.3462,-9.8394],[-66.4262,-9.8996],[-66.4358,-9.866],[-66.5619,-9.8809],[-66.5823,-9.9059],[-66.6267,-9.8981],[-66.8103,-9.818],[-66.7806,-9.7914],[-66.7821,-9.7586],[-66.7254,-9.7561],[-66.6094,-9.6649],[-66.5006,-9.6336],[-66.4949,-9.6016],[-66.3924,-9.5005],[-66.4089,-9.4069],[-66.3075,-9.4368],[-66.2678,-9.4098],[-66.1736,-9.4344],[-66.1239,-9.4088],[-65.9703,-9.4132],[-65.9126,-9.4838],[-65.8251,-9.5301],[-65.7915,-9.5856],[-65.7235,-9.5591],[-65.681,-9.5004],[-65.6794,-9.4514],[-65.5968,-9.4139],[-65.5066,-9.4477],[-65.4928,-9.4737],[-65.4347,-9.4663],[-65.4566,-9.4012],[-65.447,-9.3164],[-65.3852,-9.338],[-65.2467,-9.2577],[-65.208,-9.2856],[-65.1962,-9.3753],[-65.1735,-9.3854],[-65.1855,-9.427],[-65.1429,-9.4468],[-65.0978,-9.4325],[-64.9361,-9.2558],[-64.9197,-9.2203],[-64.9399,-9.1246],[-64.9173,-9.0431],[-64.8393,-8.9941],[-64.7916,-8.9864],[-64.7536,-9.0207],[-64.6993,-8.9883],[-64.6714,-9.0148],[-64.6111,-9.0165],[-64.5501,-8.9783],[-64.4466,-8.9769],[-64.3234,-8.9289],[-64.3113,-8.9965],[-64.1495,-8.9589],[-64.1582,-8.8432],[-64.1295,-8.8052],[-64.1309,-8.7222],[-64.0279,-8.7157],[-63.9862,-8.5856],[-63.946,-8.6095],[-63.9246,-8.5755],[-63.9745,-8.4872],[-63.9408,-8.4523],[-63.9779,-8.4201],[-63.9454,-8.3878],[-63.9441,-8.3312],[-63.8708,-8.2888],[-63.7912,-8.3332],[-63.7735,-8.3207],[-63.7228,-8.2495],[-63.747,-8.1986],[-63.6699,-8.1217],[-63.667,-8.0816],[-63.6218,-8.0296],[-63.6212,-7.9765],[-62.8451,-7.9865],[-62.6923,-8.0929],[-62.683,-8.1806],[-62.6499,-8.237],[-62.5619,-8.284],[-62.5515,-8.3582],[-62.5261,-8.3831],[-62.4655,-8.3397],[-62.3651,-8.391],[-62.3661,-8.4936],[-62.3258,-8.5637],[-62.3358,-8.6095],[-62.2813,-8.6386],[-62.2933,-8.596],[-62.2689,-8.5758],[-62.1884,-8.5906],[-62.1766,-8.6369],[-62.2005,-8.6443],[-62.1651,-8.6794],[-62.125,-8.8017],[-62.0311,-8.7997],[-61.9852,-8.8786],[-61.8597,-8.853],[-61.8365,-8.7327],[-61.7746,-8.7482],[-61.7133,-8.6879],[-61.7054,-8.7075],[-61.6306,-8.722],[-61.606,-8.7947],[-61.5236,-8.8186],[-61.4685,-8.9174],[-61.5558,-9.0924],[-61.5196,-9.1952],[-61.5262,-9.2458],[-61.577,-9.2375],[-61.6333,-9.2706],[-61.612,-9.2807],[-61.6259,-9.363],[-61.5527,-9.3874],[-61.5786,-9.4716],[-61.5258,-9.5018],[-61.5496,-9.5152],[-61.5134,-9.5285],[-61.503,-9.6153],[-61.4768,-9.6287],[-61.5053,-9.6914],[-61.5746,-9.7178],[-61.5315,-9.7399],[-61.5474,-9.7875],[-61.5249,-9.7957],[-61.5084,-9.8888],[-61.6019,-10.1544],[-61.5517,-10.1978],[-61.5779,-10.2353],[-61.5528,-10.3082],[-61.4618,-10.4199],[-61.4994,-10.6986],[-61.4724,-10.715],[-61.4884,-10.7365],[-61.4738,-10.7975],[-61.5109,-10.7937],[-61.5195,-10.9497],[-61.5503,-10.9861],[-60.4601,-10.9899],[-60.4466,-11.0422],[-60.4141,-11.0435],[-60.3916,-11.0938],[-60.348,-11.109],[-60.3484,-11.074],[-60.3012,-11.0572],[-60.271,-11.0987],[-60.2034,-11.1135],[-60.1593,-11.0957],[-60.0842,-11.0968],[-60.0667,-11.1255],[-60.0262,-11.1307],[-59.9839,-11.1163],[-59.9978,-11.1514],[-59.964,-11.1891],[-59.982,-11.2335],[-59.9204,-11.3269],[-59.9206,-11.398],[-60.1141,-11.5875],[-60.1088,-11.8396],[-60.0605,-11.895],[-59.9858,-11.9121],[-59.9794,-12.0295],[-59.8998,-12.1172],[-59.9108,-12.1865],[-59.8923,-12.2455],[-59.7744,-12.341],[-59.8193,-12.3787],[-59.8442,-12.4672],[-59.8982,-12.5016],[-59.9294,-12.5796],[-59.9727,-12.6099],[-60.0033,-12.5923],[-60.065,-12.6708],[-60.0813,-12.8893],[-60.1172,-12.9596],[-60.1893,-12.9711],[-60.2153,-13.027],[-60.283,-13.0806],[-60.2685,-13.145],[-60.365,-13.2999],[-60.384,-13.4492],[-60.432,-13.4884],[-60.5109,-13.5036],[-60.5777,-13.5652],[-60.6322,-13.5717],[-60.686,-13.6252],[-60.7093,-13.693],[-60.7695,-13.6842],[-60.7741,-13.6613],[-60.8752,-13.6214],[-60.923,-13.5409],[-61.0056,-13.5503],[-61.009,-13.5064],[-60.9883,-13.5003],[-61.0149,-13.4875],[-61.047,-13.4847],[-61.0355,-13.501],[-61.0604,-13.5119],[-61.0947,-13.4922],[-61.1062,-13.5317],[-61.1841,-13.5079],[-61.1943,-13.5364],[-61.2483,-13.4963],[-61.2804,-13.5056],[-61.2963,-13.4778],[-61.3062,-13.5031],[-61.4699,-13.5553],[-61.5724,-13.5186],[-61.5767,-13.4886],[-61.6515,-13.5187],[-61.6958,-13.5004],[-61.7573,-13.5406],[-61.7766,-13.5178],[-61.8411,-13.5489],[-61.8832,-13.4973],[-61.893,-13.4309],[-61.9706,-13.4062],[-61.9714,-13.3742],[-62.0005,-13.371],[-62.0137,-13.3305],[-62.114,-13.261],[-62.1162,-13.1594],[-62.15,-13.1632],[-62.1705,-13.1139],[-62.1909,-13.1538],[-62.2148,-13.1113],[-62.2722,-13.1559],[-62.3168,-13.1345],[-62.341,-13.1499],[-62.3994,-13.1134],[-62.414,-13.1284],[-62.454,-13.0648],[-62.472,-13.0789],[-62.4789,-13.0574],[-62.5026,-13.0832],[-62.6004,-13.0487],[-62.6153,-13.0329],[-62.6002,-13.0167]]]]}},{"type":"Feature","properties":{"sigla":"RR","nome":"Roraima","regiao":"Norte"},"geometry":{"type":"MultiPolygon","coordinates":[[[[-60.1297,4.5084],[-60.1071,4.5045],[-60.0891,4.5335],[-60.0644,4.5207],[-60.0709,4.4933],[-59.9734,4.4804],[-59.972,4.5093],[-59.9089,4.4602],[-59.8758,4.4869],[-59.8622,4.4525],[-59.8126,4.4464],[-59.7956,4.4655],[-59.6708,4.3766],[-59.7326,4.2854],[-59.7104,4.2678],[-59.74,4.2342],[-59.7312,4.1811],[-59.62,4.1325],[-59.6545,4.0696],[-59.5803,4.0015],[-59.5846,3.9686],[-59.5451,3.9789],[-59.5159,3.9456],[-59.5935,3.8849],[-59.5779,3.8202],[-59.5964,3.7942],[-59.6654,3.7816],[-59.6688,3.7028],[-59.7644,3.6262],[-59.8508,3.6046],[-59.8727,3.5638],[-59.8052,3.5098],[-59.8417,3.4274],[-59.8119,3.4285],[-59.8048,3.3582],[-59.834,3.353],[-59.8276,3.3311],[-59.888,3.242],[-59.8748,3.2246],[-59.9083,3.2119],[-59.9079,3.1133],[-59.9561,3.0811],[-59.9468,3.0001],[-59.9844,2.9288],[-59.9916,2.6855],[-59.9578,2.6096],[-59.9721,2.594],[-59.9294,2.5697],[-59.8971,2.4814],[-59.8989,2.3629],[-59.7871,2.2837],[-59.7233,2.2763],[-59.7419,2.1625],[-59.7218,2.1035],[-59.7427,2.0689],[-59.7209,2.0273],[-59.7594,1.9005],[-59.7461,1.8519],[-59.6777,1.8385],[-59.6622,1.8696],[-59.6544,1.8169],[-59.6788,1.8071],[-59.6902,1.7563],[-59.6174,1.7152],[-59.5666,1.7357],[-59.5383,1.7219],[-59.483,1.6266],[-59.448,1.6194],[-59.423,1.5557],[-59.3961,1.5552],[-59.3833,1.508],[-59.3299,1.5138],[-59.3272,1.4641],[-59.2872,1.453],[-59.283,1.4105],[-59.2533,1.3882],[-59.0486,1.3227],[-58.9938,1.3271],[-58.9788,1.3016],[-58.9185,1.3166],[-58.9224,1.2899],[-58.8869,1.2602],[-58.9122,1.2382],[-58.8955,1.2277],[-58.8955,0.2635],[-60.038,0.2635],[-60.0591,0.163],[-60.1336,0.1035],[-60.118,0.0814],[-60.1326,0.0277],[-60.2119,-0.0394],[-60.2393,-0.1123],[-60.2212,-0.142],[-60.3034,-0.2103],[-60.2926,-0.2946],[-60.3523,-0.4068],[-60.3452,-0.4354],[-60.3827,-0.4592],[-60.4056,-0.5154],[-60.3815,-0.5885],[-60.3153,-0.6365],[-60.3076,-0.7109],[-60.4263,-0.7712],[-60.4749,-0.7616],[-60.5362,-0.8695],[-60.5863,-0.843],[-60.5959,-0.8663],[-60.6207,-0.8515],[-60.6679,-0.8879],[-60.7285,-0.853],[-60.7622,-0.8629],[-60.7565,-0.7912],[-60.7881,-0.7825],[-60.7712,-0.7561],[-60.8062,-0.7401],[-60.8072,-0.6943],[-60.8552,-0.6863],[-60.8618,-0.6455],[-60.9197,-0.6204],[-60.9309,-0.5501],[-61.0569,-0.5439],[-61.0975,-0.499],[-61.1689,-0.5163],[-61.2231,-0.4999],[-61.234,-0.5619],[-61.4335,-0.633],[-61.5385,-0.7637],[-61.5384,-0.8482],[-61.5827,-0.9369],[-61.5794,-0.9834],[-61.5427,-0.9927],[-61.5595,-1.0112],[-61.5429,-1.0622],[-61.5779,-1.08],[-61.5707,-1.1828],[-61.6288,-1.3015],[-61.5822,-1.3534],[-61.6191,-1.3948],[-61.5383,-1.4334],[-61.5165,-1.5024],[-61.4733,-1.5278],[-61.4827,-1.5806],[-61.6244,-1.4387],[-61.7902,-1.379],[-61.8269,-1.4017],[-61.8966,-1.3954],[-62.0316,-1.1265],[-62.0997,-1.0967],[-62.1255,-1.0373],[-62.2039,-0.9829],[-62.2938,-0.9481],[-62.3958,-0.8204],[-62.4808,-0.7951],[-62.5102,-0.759],[-62.4866,-0.6815],[-62.4271,-0.6898],[-62.403,-0.7224],[-62.357,-0.7024],[-62.3699,-0.6678],[-62.2929,-0.6477],[-62.3072,-0.5081],[-62.2674,-0.4692],[-62.2805,-0.4433],[-62.2015,-0.3867],[-62.1869,-0.3256],[-62.2481,-0.2963],[-62.2416,-0.1705],[-62.3198,-0.0963],[-62.3366,0.0216],[-62.4218,0.0978],[-62.4683,0.2758],[-62.4464,0.3791],[-62.4852,0.4541],[-62.5187,0.4437],[-62.533,0.5088],[-62.5333,0.7013],[-62.4577,0.7852],[-62.4861,0.858],[-62.4427,0.9585],[-62.4777,1.0279],[-62.4716,1.0863],[-62.5211,1.0838],[-62.5412,1.112],[-62.6355,1.4318],[-62.7208,1.4885],[-62.8053,1.5913],[-62.7237,1.7124],[-62.7311,1.8182],[-62.7042,1.8739],[-62.706,1.9397],[-62.8386,2.0164],[-63.0536,2.0289],[-63.1198,2.0965],[-63.1463,2.1733],[-63.2764,2.1544],[-63.3598,2.1971],[-63.381,2.2275],[-63.3604,2.2692],[-63.3764,2.3566],[-63.3554,2.3859],[-63.4147,2.4542],[-63.4642,2.4014],[-63.488,2.4369],[-63.5559,2.4224],[-63.5591,2.4517],[-63.7504,2.4418],[-63.8458,2.4965],[-63.9366,2.4567],[-64.0079,2.4807],[-64.023,2.4648],[-64.0606,2.5008],[-64.0426,2.5801],[-63.9862,2.6487],[-64.0088,2.7051],[-63.9835,2.7275],[-64.0147,2.8122],[-64.0788,2.8741],[-64.0731,2.9229],[-64.1189,2.9856],[-64.1609,2.9872],[-64.1481,3.0364],[-64.2187,3.0906],[-64.2218,3.149],[-64.1814,3.1652],[-64.1564,3.2485],[-64.1175,3.2784],[-64.1148,3.3298],[-64.1471,3.3713],[-64.1963,3.5789],[-64.2891,3.6996],[-64.4286,3.7799],[-64.4889,3.7905],[-64.5684,3.8818],[-64.5803,3.9283],[-64.6739,4.0046],[-64.7322,4.1202],[-64.8105,4.1746],[-64.825,4.2441],[-64.7886,4.2871],[-64.6997,4.2502],[-64.6275,4.1385],[-64.5605,4.1016],[-64.4316,4.1346],[-64.168,4.1279],[-64.1127,4.0913],[-64.0508,3.9502],[-64.0019,3.933],[-63.9658,3.8682],[-63.9283,3.9249],[-63.8502,3.9499],[-63.6827,3.9074],[-63.6633,3.9224],[-63.7005,3.9443],[-63.683,4.0185],[-63.5922,3.9282],[-63.5919,3.8855],[-63.5547,3.891],[-63.5519,3.8649],[-63.4975,3.8399],[-63.4914,3.8735],[-63.4347,3.8649],[-63.4119,3.9132],[-63.4522,3.9555],[-63.4289,3.9771],[-63.3386,3.9568],[-63.3114,3.9613],[-63.3111,3.9818],[-63.2808,3.9552],[-63.2077,3.9524],[-63.2266,3.8355],[-63.2044,3.8116],[-63.1033,3.7932],[-63.0591,3.7474],[-63.0814,3.6932],[-62.9602,3.6077],[-62.8358,3.7385],[-62.7439,3.6732],[-62.7291,3.8046],[-62.7713,3.8341],[-62.7539,3.8496],[-62.7889,3.8932],[-62.7866,3.9293],[-62.7433,3.9721],[-62.7689,4.0063],[-62.7486,4.0349],[-62.6097,4.0441],[-62.5583,4.016],[-62.5616,4.0377],[-62.533,4.0474],[-62.5527,4.1088],[-62.5233,4.1177],[-62.5316,4.1363],[-62.4641,4.1391],[-62.4658,4.1746],[-62.4377,4.183],[-62.3536,4.1652],[-62.3297,4.1346],[-62.1972,4.1129],[-62.1461,4.0741],[-62.1127,4.0893],[-62.1175,4.1174],[-62.0719,4.1252],[-62.0769,4.1538],[-62.0291,4.1502],[-61.9814,4.1804],[-61.9308,4.1032],[-61.923,4.1557],[-61.8241,4.1635],[-61.8025,4.2282],[-61.7641,4.2321],[-61.775,4.2496],[-61.7241,4.2693],[-61.7236,4.2443],[-61.6663,4.2627],[-61.6388,4.2374],[-61.6083,4.261],[-61.5586,4.2529],[-61.508,4.3199],[-61.5275,4.3421],[-61.5136,4.4054],[-61.4483,4.4391],[-61.3416,4.4196],[-61.2883,4.4574],[-61.2788,4.478],[-61.3231,4.5046],[-61.3232,4.5349],[-61.2178,4.5333],[-61.1456,4.4801],[-61.0927,4.5233],[-60.9979,4.5156],[-60.9579,4.5452],[-60.9568,4.5817],[-60.9314,4.5843],[-60.9516,4.6433],[-60.9196,4.6633],[-60.9019,4.7161],[-60.8511,4.7029],[-60.8074,4.7478],[-60.7509,4.7537],[-60.6591,4.8491],[-60.6524,4.8846],[-60.59,4.931],[-60.5991,4.9993],[-60.645,5.0585],[-60.6571,5.156],[-60.6867,5.1943],[-60.7347,5.2002],[-60.7233,5.2199],[-60.6522,5.2305],[-60.5694,5.1957],[-60.4519,5.2029],[-60.4344,5.1813],[-60.4136,5.2135],[-60.32,5.2077],[-60.2125,5.2718],[-60.1724,5.2266],[-60.1361,5.2491],[-60.0958,5.1407],[-59.9702,5.0631],[-60.0347,4.8013],[-60.0255,4.7062],[-60.0755,4.6554],[-60.0704,4.617],[-60.125,4.6037],[-60.1363,4.5649],[-60.1573,4.5727],[-60.1615,4.5178],[-60.1297,4.5084]]]]}}]}